Temperature,Dew Point,Wind Speed,Relative Humidity,DHI
34.6,11.3,0.9,24.41,1
29.1,16.2,0.9,45.62,1
31.4,14.1,1.2,35.1,1
31.6,16.2,3.5,39.6,1
29.1,14,1.9,39.65,1
32.1,13.5,1.3,32.41,1
23.8,6.7,1.4,33.31,1
25.3,5.3,1.2,27.65,1
21.5,2,1,27.65,2
29,1.3,1.3,16.76,2
32,5.9,1.1,19.54,2
29.9,16,1.5,42.97,2
30.8,11.9,2.3,31.39,2
33.1,15.7,2,35.17,2
25.5,9.6,1.3,36.55,2
26.6,4.2,0.7,23.73,2
20,2.6,1.1,31.5,3
28.5,4,1.2,20.87,3
30.9,5.6,1.2,20.44,3
30.2,14,1,37.14,3
27.7,24.1,0.9,80.81,3
18.1,1.7,2,33.43,4
32.5,8.5,1.1,22.63,4
19,9.8,1.1,55.15,4
17.2,7.1,1.2,51.6,4
24.5,6.7,1.7,31.93,4
30.9,6.2,1.2,21.25,5
27.2,23.7,1,81.22,5
24.5,19.9,0.8,75.4,5
17.5,7.4,1.2,51.69,5
25.5,10.1,1.3,37.8,5
16.8,2.3,1.3,37.87,6
19.3,6.6,3.2,43.52,6
31.3,8.5,2.5,24.26,6
34,8.6,1,20.99,6
34.7,6,1.3,16.89,6
25.2,19.7,1,71.76,6
21.5,13.8,1,61.5,6
26.1,10.9,1.4,38.46,6
8.6,-2.4,1.8,45.84,6
14.2,2.9,0.5,46.64,7
18.8,0.6,0.9,29.46,7
19.2,-0.8,0.7,25.98,7
17.4,-1.7,1.3,27.17,7
19.2,11,3,59.13,7
31.1,8.8,0.9,24.99,7
35.4,7.8,1.3,18.39,7
27.2,23.9,1.2,82.32,7
26.8,21.4,0.7,72.16,7
17.5,7.5,1.2,52.04,7
25.4,11.5,1.3,41.82,7
8.3,-2.9,1.3,45.04,7
15.4,-0.8,1.2,32.9,8
18.2,6.1,3.7,45.23,8
31.3,4.5,1.5,18.48,8
26.2,22.5,0.8,80,8
18.7,7.9,1.5,49.53,8
18,9.5,1.6,57.52,8
15.8,-2.7,1.8,27.91,9
10.4,-0.3,1.7,47.41,9
12,-1.1,0.8,40.2,9
30.1,6.7,1.9,23.06,9
30.3,8,2.8,24.82,9
28.9,26.4,0.7,86.34,9
27.1,23.9,1.6,82.62,9
21.9,13.9,0.9,60.31,9
20.8,12.7,1.5,59.94,9
18.8,7.9,1.7,49.24,9
10.7,-6.1,1.7,30.27,10
21.2,4.5,0.6,33.61,10
31.6,2.5,2.5,15.71,10
33.4,5.9,1.7,18.09,10
36.4,9.4,2.3,19.36,10
29.1,26.6,0.5,86.45,10
23,16.9,1.4,68.53,10
23,16.5,0.9,66.82,10
26.4,11.8,1.2,40.16,10
15.7,5.4,1.3,50.38,11
10.6,-1.2,1.3,43.77,11
15.9,-3.3,1,26.57,11
8.8,-5.1,0.9,36.96,11
14.6,-4.9,1.1,25.61,11
33.3,-1.6,1.2,10.68,11
27.1,27,1.1,99.53,11
23.2,20.5,1.2,84.61,11
26.7,10.4,1.2,36.1,11
14.2,-0.5,0.8,36.5,12
13,2,0.9,47.14,12
7.1,-5.2,1.2,41.11,12
14.8,0.5,3.9,37.7,12
14.9,-0.3,3.1,35.36,12
22.9,22.2,1.4,96.09,12
26.7,21.4,0.7,72.6,12
14,-1.8,1.3,33.64,13
13.9,-1.6,1.3,34.37,13
8.3,-2.6,0.8,46.34,13
16.5,-7.2,1,19.1,13
17.3,-9.8,0.5,14.83,13
13.8,-8.7,1.3,20.15,13
10,-11.8,0.5,20.3,13
11.3,-10.8,0.4,20.13,13
14.7,4.2,0.8,49.42,13
19.6,1.7,0.5,30.25,13
28.1,-3.1,1.2,12.78,13
34.4,8.3,1.2,20.09,13
33.6,-5.6,1.3,7.75,13
30.4,26.7,0.5,80.82,13
28.6,25.9,0.5,85.53,13
24.1,18.9,0.4,72.56,13
24.5,20,0.7,75.94,13
9.9,-7.8,1.1,28.01,13
11.6,1.3,0.7,49.25,14
11.3,0.1,0.9,46.04,14
7.9,-9.8,0.7,27.29,14
33.8,6.3,2.6,18.15,14
34.6,-3.2,0.9,8.79,14
31.8,14.5,0.9,35.15,14
28.7,25.6,0.5,83.43,14
26.8,9.6,1.2,34.03,14
26.6,11.2,1.2,38.23,14
26.2,10.5,1.2,37.22,14
10.4,-2.7,1.4,39.91,14
11,-7,0.9,27.69,15
11.7,-4.4,0.7,32.06,15
9,1.2,2,57.94,15
8.8,-2.5,0.9,45.01,15
13.5,-2.7,1.2,32.4,15
11.1,-5.4,1.3,31.11,15
13.6,-1.9,0.6,34.11,15
29.5,4.1,2.6,19.83,15
32.5,4.5,1.8,17.24,15
34.2,6.1,1.5,17.54,15
26.7,11.2,1.2,37.91,15
9.1,-2.4,1.6,44.38,15
10.3,-11.1,2.9,20.95,16
8.4,0.7,3.1,58.17,16
29.2,26.7,0.5,86.25,16
25.5,19.3,0.8,68.6,16
27.2,12,1.1,38.98,16
10.3,-9.3,1.3,24.22,16
9,-9.4,0.6,26.13,17
6.9,-10.9,1.2,26.84,17
19.8,-5.2,0.8,18.03,17
15,4.8,2.5,50.52,17
11.2,-1.8,1.3,40.44,17
17.8,2.9,1.5,37.06,17
35.7,14.8,0.9,28.76,17
29.8,26.3,0.6,81.65,17
26.2,20.6,0.7,71.14,17
8.6,-4,3.2,40.67,17
8.7,-10.1,2.8,25.39,17
9.6,0.6,3.5,53.34,18
7,-9.1,1,30.83,18
16,-9,1.2,17.05,18
13.7,-11.9,1.3,15.77,18
21.7,0.8,0.9,24.95,18
23,3.4,0.6,27.85,18
33.2,5.3,2.2,17.48,18
30.3,-6.5,1.5,8.74,18
34.3,-4.6,1.7,8.06,18
36.4,14.7,0.5,27.47,18
29.9,26.6,0.5,82.38,18
29,26.5,0.7,86.2,18
25.3,25,1.7,98.39,18
11.6,-7.1,0.9,26.35,18
7.3,-4.5,2,42.76,19
12.3,-11.4,1.4,17.94,19
19.1,1.2,1.7,30.29,19
19.8,0.5,2.2,27.41,19
21,3.4,1.3,31.37,19
33,-1.2,1.5,11.16,19
34.5,14,1.1,29.15,19
27.7,26.7,1,94.21,19
23.9,20.6,1.4,81.96,19
24.5,19.9,0.9,75.5,19
22.9,2.7,2.5,26.61,20
26.8,20.8,0.8,69.5,20
27.4,11.8,1.2,37.88,20
11.5,-0.8,1,42.55,20
10.4,-3.3,3.8,38.07,20
13.4,-9.2,1.1,19.88,21
33.5,-1.3,1.8,10.76,21
23.8,22,1.2,89.55,21
30.8,19.8,0.7,51.92,21
10.4,-8.5,0.9,25.71,21
18.2,-11.2,1.1,12.55,22
21.5,6.8,1.2,38.64,22
28.1,9.7,0.5,31.58,22
28.9,26.7,1.1,87.98,22
26.5,24.8,0.7,90.35,22
24.2,22.1,0.5,88.24,22
14.4,2,1.2,43.09,22
9.6,-5.1,2.5,35.05,22
9,-4,2.6,39.67,22
25,8.4,0.2,34.73,23
24.9,19.7,1.6,72.93,23
9.3,-2.1,4.1,44.78,23
18.1,-2,1.3,25.39,24
37.6,1.8,1.1,10.74,24
28.4,26.6,1.4,90.22,24
10.7,-3.7,1.6,36.22,24
11.1,-1.9,2.2,40.3,25
8.9,-4.2,3.4,39.44,25
9.5,-7.7,3.2,28.88,25
11.4,8.2,1.9,80.55,25
25.6,7,1.2,30.63,25
29.9,-8.7,1.8,7.52,25
31.6,15,0.8,36.76,25
26.7,25.5,1.3,93.24,25
24.8,19.2,0.8,70.96,25
32.1,23,0.6,58.84,25
30.6,20.3,0.9,54.07,25
29.1,17.3,1,48.86,25
27.3,12.1,1.3,39.03,25
26.8,11,1.3,37.25,25
13.8,1.1,1.6,42.1,25
10.5,-3.4,1.1,37.51,25
9.7,-6.9,2.3,30.36,26
10.2,-7.2,2.2,28.63,26
11.8,-8,0.9,24.34,26
31.9,-6.6,1.2,7.91,26
29.5,27.2,0.6,87.45,26
25.5,22.2,0.9,81.9,26
13.1,-2.8,0.9,33.02,26
11.4,-2.4,3.2,37.98,26
32.6,15.6,0.8,36.1,27
29.7,26.6,0.7,83.38,27
28.9,26.9,0.7,88.87,27
26.3,24,1.9,87.34,27
25.2,20.3,1.6,74.29,27
30.1,18.6,1,50.33,27
26.9,9.8,1.4,34.25,27
12.3,-1.7,0.9,37.71,27
13,-0.3,0.9,39.87,27
14.5,2.2,0.7,43.56,27
17.5,-4.2,2.1,22.42,28
25,6.3,3.2,30.17,28
33.9,13.5,1.2,29.23,28
28.4,26.7,1,90.54,28
13.6,2,0.9,45.48,28
12.3,-2,3.1,36.97,29
25.3,10.7,2.8,40.01,29
29.2,26.8,1.1,86.84,29
24.8,20.5,1.4,76.85,29
24.7,19.4,1,72.45,29
24.1,18,1,68.63,29
29.5,16.6,1.1,45.76,29
30.2,17,1,45.25,29
12.5,-2.1,0.9,36.16,29
13.7,2,1.7,45.16,29
12.1,4.2,2.5,58.32,30
25.2,10.5,1.5,39.69,30
33.5,21.3,0.6,48.85,30
11.7,-4.6,1.6,31.78,30
12.3,1.1,1.6,46.4,31
18.5,-2.4,1.3,24.09,31
35.5,13.4,1.4,26.49,31
23.5,19.4,3.1,77.67,31
38,15.3,2.4,26.13,32
13.6,-3.9,0.4,29.5,32
35.2,21,1.3,43.61,33
35.7,23.5,0.4,49.35,33
29.7,27.6,0.7,88.47,33
23.5,20,3.5,80.9,33
23.1,20.5,3.3,85.38,33
15,-8,1.5,19.67,34
25.6,8.3,3.3,33.41,34
23.8,6.1,3.5,32.01,34
37.1,11.8,1,21.95,34
29,26.9,0.7,88.31,34
29.3,26.5,1,85.11,34
24.5,22.6,2.7,89.41,34
11.9,-3.2,1.2,34.85,34
15.7,-11.5,1.4,14.26,35
15,-9.1,1.3,18.08,35
17.2,-6.6,1.3,19.11,35
20.1,-6.5,1.3,16.08,35
10.6,-4.3,2.4,34.94,35
26.5,26,2.6,97.01,35
26.2,25.5,2.3,96.18,35
28.4,26.6,0.5,90.19,35
26.4,26.1,1.2,98.47,35
25.7,25.4,0.9,98.36,35
23,21.1,3.3,88.93,35
23.4,20.8,3.2,85.17,35
23.7,19.8,3.1,78.78,35
18.2,-9.1,1.3,14.75,36
14.1,-6.4,2.4,23.57,36
27.8,27.3,1.3,96.9,36
26.6,24.6,1.5,88.65,36
12.9,-2.1,1.3,35.23,36
11.8,-12,1.7,17.71,37
34.8,16.7,0.8,34.22,37
35.4,15.1,1.9,29.82,37
29.2,27.5,0.8,90.83,37
23.2,21.4,3.5,89.44,37
23.2,21.8,3.5,91.88,37
12.5,-0.5,2,40.73,37
12.1,-1.2,2.7,39.66,38
11.6,-5.3,2.4,30.3,38
19.5,-3.3,2.7,21.19,38
23,4.6,1.5,30.24,38
24.7,0.7,1.7,20.73,38
38.2,9.9,1.4,18.22,38
38.8,18.4,0.7,30.55,38
37.8,18.9,0.4,33.18,38
29.3,27.4,0.9,89.47,38
26.5,26.1,2.5,97.5,38
23.1,21.8,3.4,92.32,38
17.1,2.4,1.2,37.42,39
20,6.3,1,40.96,39
25.7,25.2,2.8,96.79,39
26.3,25.6,1.7,95.67,39
23.1,22,3.4,93.63,39
36.5,17.4,1.5,32.52,40
29.2,27.1,0.7,88.3,40
32.8,22.4,0.6,54.39,40
19.5,7.3,2.7,45.13,41
36.8,7.8,1.1,17.06,41
30.3,28.1,0.7,87.91,41
25.9,24.8,1.7,93.67,41
16,1.6,4.3,37.79,41
14.2,-5.9,1.1,24.33,41
13.8,-1.7,4,34.27,42
15.2,-6,3.1,22.65,42
41.7,9.8,0.2,14.97,42
29.7,27.8,1,89.61,42
28.9,27.5,1,92.08,42
27.1,25.8,2.3,92.87,42
14.9,-0.6,4.1,34.71,42
19,1.9,1.2,31.89,43
21.8,-3.8,0.2,17.68,43
21.7,2.1,2.3,27.46,43
28.2,8.3,3.3,28.71,43
27.6,26.3,0.9,92.54,43
26,25,1.5,94.06,43
26.5,25.3,1.5,93.19,43
28.3,7.2,2.8,26.5,44
29.1,15.3,2.9,43.04,44
30.2,12.6,0.8,34.02,44
37.5,6.1,1.3,14.61,44
41.6,7.7,0.3,13.06,44
27,25.9,3.3,93.73,44
27.2,24.1,3.1,83.01,44
27.8,27.1,1.4,96.03,44
29.3,27.7,0.9,91.18,44
24.7,23.8,3,94.81,44
26.9,25.2,1.7,90.41,44
15.4,0.1,3.9,35.25,44
21,-1.7,1.2,21.8,44
21.8,-3.9,0.7,17.65,45
19.8,-10.2,1,12.26,45
15.8,8.7,3.6,62.68,45
37.6,2.1,2,10.99,45
35.8,19.7,1.5,39.01,45
37.5,23.7,0.4,45.36,45
29,26.7,0.5,87.32,45
25.6,24.3,3.4,92.46,45
25.6,23.6,3.7,88.48,45
32.5,19,0.6,44.97,45
32.9,21,0.5,49.8,45
15.8,-2.5,4.3,28.47,45
21.1,-4.6,1.9,17.4,46
23.1,8.4,4.2,38.9,46
23.2,5.8,4.2,32.4,46
24.4,2.9,3.5,24.69,46
39.1,4.9,1.1,12.28,46
37,15,2,27.14,46
31.3,24.5,1.9,67.19,46
28.1,27.1,0.8,94.14,46
26,25.1,2,94.53,46
26.5,25.2,1.6,92.53,46
26.2,25.4,2.4,95.5,46
31.7,20.3,0.6,50.88,46
14.9,-1.8,1.8,31.58,46
16.9,-6.2,1.2,20.03,47
17.3,-6.8,1.3,18.65,47
40.3,5.7,0.9,12.17,47
41.5,13.2,2.1,18.91,47
29.1,25.4,2.6,80.58,47
29.7,26.7,1.1,83.82,47
31.5,26.8,0.7,76.09,47
28.1,25.8,0.5,87.55,47
29,26.7,0.5,87.47,47
27.3,26.5,2.3,95.13,47
27.3,4.5,2.3,23.16,48
27.5,26.2,1.1,92.42,48
26.4,26,1.9,97.94,48
26.5,26.3,2.1,98.99,48
12.7,-0.9,2.8,38.94,48
15.7,-0.6,2.1,32.89,48
21.7,-7.5,2,13.44,49
16.1,-5.6,1.4,22,49
30.1,13,3.9,35.13,49
38.5,12.4,3.9,21.1,49
36.3,17.2,1.9,32.36,49
39.9,14.1,0.6,21.95,49
41.3,14.5,3.4,20.81,49
29.2,27,1,88.12,49
28,27.2,1.2,95.54,49
32.7,20.6,0.6,49.12,49
16.8,5.2,1,46.44,49
16,-0.8,0.8,31.66,49
15.4,2.8,3,42.85,49
23.4,7.2,1.2,35.29,50
29.2,7.5,2.2,25.6,50
36.8,21.5,5.3,41.29,50
30.5,24.4,1.9,69.87,50
31.9,22.2,0.8,56.68,50
30.8,19.9,0.9,52.22,50
12.9,0,1.7,40.98,50
14.3,-0.3,1,36.77,50
24.8,5.1,1,28.07,51
39.9,12.7,1.6,20.02,51
28,26.3,1.3,90.31,51
25.7,25.4,1.9,98.08,51
22.2,1.8,1,26.11,52
16.7,-5.6,2,21.2,52
33.4,23,1.1,54.56,52
36.9,23.6,0.3,46.71,52
25.7,24.7,2,94.29,52
27.1,26.3,1.9,95.36,52
27.9,26.3,1.6,91.02,52
14.5,1.9,1.3,42.6,52
21.3,-7.4,1.3,13.94,53
33.2,19.8,1,45.45,53
34,22.6,1.6,51.39,53
28.8,27,1.6,90.23,53
29.5,26.5,1.9,84.13,53
30.9,27.3,1.3,81.37,53
31.8,20.4,0.5,51.02,53
13.6,-0.8,3.4,36.97,53
17.1,-6.2,1.2,19.81,54
17.3,-6,0.6,19.8,54
18.1,-4.4,0.4,21.31,54
27.9,-4.5,1.4,11.66,54
39.4,16.8,0.9,26.72,54
37.3,21.9,1,41.08,54
29.2,26.9,1,87.48,54
28,26.6,1.2,92.17,54
15.6,3.9,0.9,45.71,54
18.5,-5.1,1.2,19.74,55
37.2,20.2,0.8,37.3,55
36.1,23.8,1.3,49.43,55
35.9,21.3,2.1,42.7,55
32.8,24.9,1.4,63.13,55
32.3,25.8,0.6,68.8,55
31.2,25.3,0.8,71.01,55
31.4,26.1,1.6,73.67,55
30.9,26.3,0.7,76.56,55
26.5,26.1,1.9,97.46,55
31.6,20.8,0.7,52.72,55
40.5,15.3,0.6,22.94,56
35.2,21.5,1.1,44.96,56
37.9,20.3,0.9,36.07,56
36.4,23.3,1,46.92,56
35.4,25.6,1.4,57.15,56
35.4,23.1,0.8,49.02,56
33.9,25.2,1.2,60.47,56
32.1,25,3.1,66.38,56
25.9,25.1,2,95.52,56
26.9,25.7,0.9,92.96,56
27.1,26.9,2.1,98.61,56
16.3,4,0.7,43.79,56
21.4,0.2,1.2,24.42,56
26.8,-5.1,0.7,11.89,57
28.2,7.5,3.6,27.15,57
27.1,6,4.2,26.17,57
36.9,18.9,2.7,34.87,57
34.2,24.3,0.6,56.33,57
37.8,24.4,0.9,46.69,57
35.8,26.4,1,58.63,57
33.8,23.3,0.9,54.41,57
31.7,24.6,0.8,66.01,57
31.4,24.8,1.1,68.19,57
35.1,24.5,1.4,54.48,57
26.4,25.4,0.3,94.4,57
16.8,2.4,0.5,38.05,57
26.3,1.8,2.1,20.3,57
23.7,-1.4,0.7,18.88,57
22.3,-2.1,1.2,19.46,57
20.7,-7.1,1.8,14.76,57
32.8,18,1.9,41.34,58
39.3,12.7,0.9,20.69,58
33.7,19.2,3.8,42.53,58
26.9,25.7,2.3,93.39,58
26.3,26,2.6,98.41,58
23.6,2.8,0.9,25.69,58
25.8,-5.8,0.4,12,59
19.2,-4.4,0.6,19.92,59
26.5,10.2,3.6,36.01,59
32.2,14.6,3.8,34.62,59
37,14.4,0.8,26.09,59
39.8,16.8,3.7,26.11,59
34.1,19.7,1.9,42.95,59
36,19.6,2.7,38.27,59
35.4,21.7,0.6,45.09,59
38.2,22.8,0.7,41.28,59
27.4,25.3,1.5,88.19,59
14.4,1.6,0.9,41.96,59
27.1,-2.6,3.4,14.08,59
24.9,-2.5,1.4,16.13,59
28.9,6.5,2,24.24,60
27.6,-6.9,0.8,9.91,60
33.3,18.6,1.2,41.89,60
37.8,14.7,1.5,25.53,60
34.5,12.6,3,26.61,60
27.5,26.7,2.6,95.43,60
26.2,25.3,0.7,94.88,60
26.1,0.1,2.5,18.25,60
22.7,-0.9,0.9,20.76,60
23.4,-1.7,0.7,18.82,60
24.5,-1.7,0.5,17.65,60
26.3,-5.7,1.5,11.73,61
29.6,17,1.6,46.82,61
37.8,19.9,0.9,35.38,61
26.9,25.6,1.8,92.75,61
31.8,20.6,0.7,51.45,61
21.4,-3.5,1.2,18.61,61
24.7,0.8,0.7,20.78,61
16.7,0.6,1.1,33.67,61
24.4,11.6,0.9,44.81,62
20.7,-1.7,0.2,22.08,62
20.1,-0.5,2.5,25.06,62
19.9,5.2,3,38.15,62
36.4,22.1,0.5,43.65,62
31.9,27.9,0.9,79.27,62
16.9,5.6,0.8,47.42,62
14,-1.4,1.5,34.67,62
25.4,-4.1,0.9,13.9,62
21.1,-2.5,1.3,20.31,62
26.2,-3.6,0.4,13.81,63
26.2,-3.8,0.5,13.6,63
39.5,15.9,3.7,25.19,63
31.7,20.3,0.6,50.92,63
17.1,4.7,0.8,44.01,63
16,6.3,0.8,52.45,63
15.3,0.8,0.8,37.2,63
21.8,1.5,1.4,26.16,63
25.7,1.5,0.6,20.6,63
12.5,0.6,3.1,44.01,64
20.3,8.1,2.7,45.22,64
19.4,7.1,1.5,44.82,64
26.7,26.2,2.2,97.08,64
26.1,25,3.5,93.82,64
22.2,1.4,1.7,25.32,64
19.3,-6.2,1,17.28,64
25.5,-3.7,0.7,14.34,65
26.3,-2.9,2.5,14.5,65
36.4,23.6,0.9,47.97,65
29.1,25.6,1.2,81.35,65
28,26.7,2.3,92.59,65
27.1,25.9,0.5,93.35,65
32.5,23.3,0.9,58.58,65
29.8,23.1,0.5,67.25,65
14.9,0.3,2.7,36.99,65
22.9,5.9,1.1,33.37,65
24.7,1.8,0.9,22.33,65
23.4,4.8,1.1,30.01,65
18.4,-5.5,1.2,19.18,65
21.4,5.7,2.2,36.02,66
25.9,16.8,1.5,57.16,66
29.6,26.1,0.4,81.71,66
21.6,1.1,1.4,25.73,66
20.2,-3.5,1.6,19.92,66
19.2,-4.9,1.3,19.09,66
18.2,-4.1,1.2,21.63,66
18.4,-6.4,1.6,18.02,66
25.5,-2,1.2,16.22,67
27.7,0.5,1,17.05,67
21.2,9.5,3.2,47.04,67
27.4,-6.5,1.7,10.3,67
14.4,-0.7,3.7,35.58,67
22.6,4.1,1.3,29.91,67
24.7,3.3,1.5,24.89,67
24.2,2.4,1.2,24.14,67
23.8,-1.2,1.9,19.03,67
21.7,3.1,1.3,29.46,67
19.4,-4.4,1.1,19.62,67
20.1,-4.1,2.1,19.27,67
26.9,3,1,21.43,68
19,5.5,2.4,41.16,68
29.5,-2.1,1.3,12.73,68
31.1,24.6,1.7,68.26,68
30.2,24.9,1.3,73.14,68
16.8,4.3,1.1,43.47,68
17.4,-5.5,1.2,20.54,68
27.3,2,1.2,19.48,69
22.9,8.8,0.6,40.62,69
27.7,1.6,2.2,18.48,69
28.4,13.6,1.1,40.21,69
27.4,25.1,3.4,87.51,69
17.7,3.2,2.4,38.07,69
22.8,4.1,1.4,29.47,69
24.3,7.5,0.9,34.08,69
24.8,1.8,1.1,22.32,69
12.2,-2,3.6,37.15,69
17.4,-5.5,1.3,20.43,70
27.8,2.3,1.3,19.35,70
28.3,-4.5,1.6,11.4,70
30.6,13.4,2.2,34.99,70
30.1,15.4,1.6,40.96,70
26,2.9,0.6,22.43,70
26.2,4.1,0.7,24.04,70
19.8,-8.6,1.3,13.91,70
21.1,-6.7,1.1,14.85,70
20.1,-4.4,1.2,18.75,70
18,-2.9,1.5,23.92,70
27.4,2.8,1.1,20.54,71
32.6,25.2,2.1,65.02,71
34.3,20.3,0.1,43.86,71
25.7,8.1,0.9,32.76,71
11.9,-4.1,2.5,32.42,71
18.6,-10.8,1.3,12.58,71
16.1,3,0.5,41.37,72
23.6,9.6,2.1,41.15,72
17.9,0.7,3.8,31.49,72
30.6,22.9,0.2,63.4,72
28.1,25.3,0.9,84.73,72
30,24.1,2,70.69,72
31.6,20.2,1,50.98,72
24.9,5.5,1.2,28.62,72
20.4,-7.2,1.1,14.93,72
14.6,-1.1,1.3,34.08,73
27.7,8.8,1.3,30.49,73
27.9,11.3,1.3,35.57,73
30.6,26.5,1.1,78.72,73
23.9,8.1,1.2,36.52,73
22.9,13.5,2.8,55.39,74
25.5,17,2.6,59.24,74
27.7,12,3.2,37.77,74
31.7,20,2.6,49.87,74
31.8,23.6,2.5,62.07,74
33.1,23.8,1.8,58.33,74
33.4,21.1,0.6,48.71,74
17.8,4.8,1.2,42.32,74
18.2,-7.2,1.8,17.16,74
19,9.8,2.5,55.25,75
24.5,10.5,0.8,41.2,75
33.9,8.9,0.8,21.53,75
28.6,-1.9,2,13.65,75
32.5,23.7,1.6,59.94,75
24.3,9.3,1.3,38.47,75
19.3,-2.9,2.1,22.13,76
24.9,4.7,1.2,27.12,76
25,10.2,0.7,39.32,76
18.1,0,2.9,29.44,76
33.9,20.9,2.3,46.64,76
33.1,22.4,2.5,53.44,76
32.4,20.4,0.5,49.18,76
24.6,13.3,2.1,49.23,76
26,3.4,0.9,23.21,76
11.1,-3,2.5,37.09,76
20.3,-3.4,1.1,20.03,77
12.9,-11,2.9,17.87,77
11.2,0.9,2.9,48.98,77
11.9,-2.4,1.4,36.78,77
13.6,-7.1,2.1,23.11,77
26.9,-5.7,3.1,11.31,77
26.8,12,2.1,39.79,77
27.9,12,2.1,37.27,77
34.4,19.6,1.9,41.85,77
33,19.5,2.7,45.14,77
30.7,25.4,2.2,73.42,77
19,1.9,4,31.91,77
22.2,0,0.4,22.85,78
19.3,7.1,2.5,45.22,78
19.8,15,1.8,73.94,78
20.4,11,2.7,54.9,78
32.7,23.5,2.2,58.48,78
32.7,22.4,2.5,54.86,78
32.9,19.7,0.6,45.91,78
19.1,-4.8,1.2,19.37,79
22.9,4.6,1.5,30.35,79
26.5,0.7,3.7,18.63,79
28.2,22.5,1.1,71.09,79
19,-5.8,2.3,18.05,80
19.1,6.5,2.1,43.84,80
26.5,11.2,0.9,38.36,80
17.9,5.2,0.5,43.18,80
23,2,0.8,25.25,81
10.8,-4.6,2.5,33.64,81
18.3,-1.6,3.6,25.84,81
27.1,8.5,0.6,31.02,81
25,6.5,1.1,30.57,81
22.6,6.3,1.4,34.87,81
17.1,5.4,2.7,45.95,81
33.4,16.7,4.1,36.93,81
32.6,12.9,3.4,30.3,81
20.8,8.1,2.7,44.13,81
24.4,4.8,1.8,28.18,81
22,2.6,0.9,27.9,82
10.4,-8.9,1.6,24.79,82
15.9,-2,0.9,29.37,82
30.7,13.9,0.6,36.02,82
30.9,12.9,2.3,33.27,82
31.2,22.8,2.4,61.16,82
17.9,-0.5,3.5,28.84,82
12.4,-11.9,0.4,17.16,83
26.8,-5.3,3.6,11.74,83
25.3,7.7,1.2,32.57,83
31.5,22,1,57.19,83
18.7,4.1,0.7,38.04,83
18.8,3,0.2,35.09,83
26.2,9.3,1,34.36,83
24.2,1,0.6,21.79,84
13.3,-0.2,2,39.43,84
14.3,0.1,1.9,37.81,84
12.8,-7.7,2.6,23.26,84
21.4,6.2,4.2,37.17,84
30.5,24.8,2.5,71.8,84
29.3,25,1.7,77.9,84
31.1,22.7,1.1,60.86,84
27.7,9.9,0.6,32.86,84
11.7,-10.1,3,20.78,84
14.2,-1.4,2,34.06,85
38.8,8.5,1.5,16.05,85
33,2.7,4.1,14.73,85
33.4,8.4,3.7,21.45,85
30,17.4,1.5,46.67,85
30.5,25.7,0.8,75.49,85
14.2,-3.3,2.2,29.6,85
13.8,-8.1,1.4,21.08,85
17.5,0.8,3.6,32.32,86
14.4,1.4,1.3,41.17,86
30.4,7.3,0.9,23.63,86
26,10.1,0.8,36.79,86
25.9,10.4,1,37.65,86
11.8,1.2,2.3,48.07,87
12.2,-4.1,2.9,31.71,87
28,-9.3,3.5,8.01,87
22.8,-0.8,1.1,20.81,87
31.1,5.4,0.8,19.93,87
30.2,23,1.5,65.59,87
17.5,-7,1.8,18.18,87
20.5,0.6,0.9,26.51,88
27.7,9.1,1.8,31.14,88
31.2,11.1,2.8,29.1,88
22.7,7.8,3,38.26,88
19.2,4,2.3,36.58,88
17.8,0.9,2.6,32.05,88
14.3,-4.3,1,27.27,89
21.2,1.7,2.3,27.41,89
21,-0.8,0.7,23.24,89
17.4,-2,1.3,26.56,89
30.4,26.4,1.7,79.13,89
31.5,22.3,0.8,58.25,89
26.9,25.4,2,91.65,89
21.9,7.4,2,39.2,89
21.6,7.9,3.8,41.3,89
20.1,11.1,3.1,56.09,89
26.7,8.6,0.9,31.9,89
18.7,-2.4,3,23.88,89
11.2,-4,2.9,34.19,89
13.4,-7.7,2.4,22.31,89
11,-2.1,2.9,39.85,89
12,-9.3,1,21.63,90
20.3,7.9,3.9,44.81,90
29.2,12,0.6,34.54,90
32.5,4.7,1.9,17.47,90
29.1,19.6,2.8,56.47,90
32.4,12.8,1.2,30.28,90
18.6,-2.3,4.2,24.18,90
16.7,-1.9,3.1,28.02,90
17.1,-0.9,1.1,29.37,91
32.8,10.4,1.7,25.3,91
32,10.8,3.9,27.17,91
32.4,22.2,3.5,54.95,91
30.4,25.4,1.4,74.78,91
21.1,7,2.2,39.94,91
17.2,2,2.4,35.98,91
14.2,-2.4,3.4,31.82,91
13.7,-3.5,2.6,30.12,91
12.9,-5.1,3.4,28.28,91
26.2,-7.6,3.8,10.17,91
16.2,2,1.9,38.31,92
28.3,0.5,1.6,16.54,92
32.5,1.7,1.2,14.12,92
32.5,7.4,3.2,21,92
21,6.6,2.1,39.28,92
26.2,10,0.9,36.11,92
14.6,-7.1,1.4,21.72,92
14,-5.6,2.5,25.19,93
14.3,-7,1.6,22.27,93
16.9,-0.2,1.2,31.25,93
20,-1.6,1.1,23.24,93
17.4,-1.3,1.4,27.92,93
20.5,-11.7,1.5,10.38,93
35.8,-6.8,1.5,6.24,93
30.9,22.5,1.1,60.87,93
35.7,8.3,1.5,18.74,94
37.1,12.1,0.7,22.31,94
32.3,-3.6,1.4,9.69,94
32,7.7,2.8,22.13,94
32.9,13.1,2,30.09,94
31.3,21.2,3,55.12,94
30.6,25.3,1,73.42,94
29.3,24.9,1.5,77.22,94
24.2,12.6,3,48.34,94
21.7,9.7,3.2,46.3,94
20.4,7.8,2.1,44.19,94
14.3,-9.4,2.6,18.51,94
11.8,-5.3,1.9,29.93,95
20.9,-7.9,1.3,13.75,95
34.7,20.4,1.3,43.16,95
31.2,24.8,1.2,68.95,95
29.3,24.2,1.3,74.09,95
30.7,23.4,1.4,65.23,95
22.4,7.3,2.9,37.81,95
21.6,6.8,2.2,38.31,95
23.7,2.2,4.2,24.53,95
16.4,-0.1,1.8,32.67,95
16.9,2.1,1.3,36.92,95
23.2,2.1,2.4,25.02,96
13,-2.3,1.2,34.64,96
33.9,8.5,3.3,21.01,96
32.4,16.8,2.7,39.39,96
33.4,20.9,3.5,48.09,96
28.2,27.4,1.6,95.34,96
29.5,23.8,1.4,71.47,96
26.9,18.7,1.6,61.01,96
21.3,8.6,3,44.14,96
15.8,-4.2,1.7,25.06,96
11.3,-2.5,1.1,37.97,97
15.6,-7.8,1.4,19.33,97
28.4,3.9,1.4,20.83,97
30.7,26.8,1.7,79.95,97
27.6,18.7,1.4,58.52,97
22.9,10.1,2,44.19,97
20.3,4.5,3.2,35.53,97
15.6,-0.8,2.7,32.61,97
12.9,-3,4,32.88,97
11.7,-2,2.1,38.41,97
10.3,-10.9,2,21.4,98
26.8,-8,1.4,9.53,98
35.1,15.8,2.5,31.81,98
29.3,26.6,1.7,85.56,98
31.4,26.7,1.8,76.07,98
30.1,25.8,1,77.67,98
25.8,16.4,1.8,56.17,98
13.6,-2.6,2.6,32.51,98
21.3,0.5,4.5,25.05,99
19.6,2.8,1.1,32.8,99
13.4,-1.1,2.2,36.75,99
22.2,0.7,2.4,24.05,99
30,14.6,2.8,39.2,99
32.9,15.7,3.4,35.66,99
31.3,19,2.2,48.06,99
32.6,14,2.9,32.47,99
30.9,26.7,1.5,78.39,99
25.2,22.4,3.5,84.4,99
27.2,9.2,1,32.2,99
28.7,6.5,0.6,24.68,99
18.3,-6.5,0.9,18,100
23.8,3.7,1.1,27.01,100
33.4,6.4,1.3,18.7,100
28,3.1,3.2,20.21,100
34.1,13.3,2.3,28.56,100
31.1,14.2,2.8,35.84,100
32.2,18.8,2.6,45.02,100
30,24.9,0.7,74.29,100
25.9,19.5,1.4,67.75,100
24.9,13.2,1.5,48.34,100
30.6,0.7,4.1,14.65,100
22.1,-2.3,4.7,19.42,100
25.1,-6.5,3,11.83,101
21.4,3.5,2.1,30.89,101
33.2,8.1,4.3,21.19,101
31.8,13.2,3.7,32.18,101
29.7,25.2,0.8,76.79,101
30.1,24.1,1.5,70.41,101
26.7,19.5,1.5,64.83,101
25.3,16.8,2.4,59.2,101
18.2,0.3,3.7,29.86,101
29.8,-4.9,3.3,10.12,101
18,-3.1,0.7,23.69,102
15.8,-11.1,1.3,14.64,102
15.2,-1.8,2.8,30.99,102
27.6,10.7,1.1,34.88,102
31.1,15.1,1.5,37.87,102
25.3,22.6,3.7,84.88,102
29.6,24.4,1.5,73.69,102
22.5,-0.6,3.1,21.45,102
17.4,1.1,2.9,33.37,102
18.2,5.3,2.7,42.78,103
10.9,-9.8,1.1,22.37,103
18.6,-6.9,1.9,17.01,103
24.6,-2.6,5.1,16.35,103
23.1,-0.2,4.6,21.34,103
20.7,6.8,2.9,40.49,103
31.8,4.1,1.2,17.46,103
33.1,4,4.2,16.14,103
26.9,5.7,4.2,25.8,103
26.4,16.9,1.6,55.87,103
31.7,8.7,1.8,24.06,103
15.8,-3.7,0.5,25.92,103
10.2,-5,2.1,34.02,104
29.7,11.8,0.8,33.27,104
34,-4.9,2.9,8.02,104
29.5,3.3,1.3,18.82,104
26.5,4.7,1.2,24.69,104
37.2,4.6,3.4,13.36,104
37.9,5.8,3.1,13.99,104
17.4,4.9,2.1,43.62,105
38.6,6.1,2,13.76,105
31.8,25.2,0.8,68.27,105
27.9,24.8,1.4,83.2,105
29.1,24.7,1,77.41,105
29.6,24.4,1.3,73.88,105
16.1,-2.6,1,27.61,106
18.7,-9,1.2,14.42,106
15.6,1,1.5,37.21,106
23.3,0.5,2.5,22.12,106
34.1,6,1.1,17.45,106
30.3,26.8,1.8,81.64,106
31.2,25.4,0.9,71.17,106
29.7,10.8,1.9,31.02,106
30.8,-3.7,5.1,10.48,106
28.2,2.1,6,18.56,106
17.1,-4.6,0.8,22.37,107
12.6,-6.5,2.2,25.85,107
33.6,6.7,3.3,18.81,107
34.8,-8.9,3.3,5.62,107
30.7,11.2,1.4,30.17,107
20.4,6.8,3.4,41.19,107
27.7,7.4,1.4,27.69,107
15.6,-3,2.5,27.74,107
16.6,-10.7,2.2,14.38,108
18.6,-6.6,2.7,17.4,108
26.1,5.9,2.1,27.43,108
28.5,1,2.2,16.87,108
29.2,26.5,1.9,85.28,108
29.1,25.3,1.4,79.89,108
15,-4.5,3,25.76,108
16.5,-6.1,1.8,20.79,109
30.4,-9.9,5.1,6.68,109
29.2,-3,0.5,12.16,109
24.1,3.5,1.8,26.1,109
37.1,4.8,4.3,13.62,109
28.9,25.7,0.9,82.85,109
15.7,-1.7,1.6,30.21,109
13.5,-11.2,0.5,16.9,110
28.6,11,1.1,33.44,110
22.9,-1.9,4.1,19.1,110
30.1,-0.7,4.6,13.62,110
20.6,-4.9,2.3,17.57,110
18.5,-8.2,1,15.48,111
20.7,-10.1,0.9,11.72,111
14.2,-5.2,2,25.75,111
15.2,4.3,2.2,48.12,111
28.8,-3.6,5,11.89,111
28.5,26.2,3,87.65,111
30.6,26,1.6,76.64,111
25.3,22.4,3.5,84.02,111
26.3,19.9,1,67.72,111
28.7,21,1.3,63.33,111
22.5,-1.5,2.6,20.18,111
14.8,-0.7,1.7,34.46,111
19.5,-7.7,1.8,15.18,112
15.3,-11.5,1.9,14.67,112
24.7,7.4,4.8,33.01,112
26.8,8.4,4.4,31.28,112
27.3,24.5,1.6,84.71,112
27.9,25.7,2.8,87.97,112
25.3,21.2,3.1,78.12,112
31.3,10.1,1.7,26.96,112
19.3,-0.9,3.4,25.68,112
16.5,-11,1,14.16,113
19.2,-2.4,2.2,23.01,113
26,3.2,3.1,22.89,113
33.9,4.2,1.3,15.61,113
30.8,6,4,21.11,113
37.2,-3.1,0.9,7.7,113
26.1,22.2,0.2,79.29,113
25.9,22.4,1.3,81.07,113
29.9,10.9,1.2,30.95,113
18.9,-0.7,1.3,26.74,113
18.1,2.9,3.3,36.34,113
20.9,-6.7,0.9,15.07,113
18.2,1.8,2.6,33.42,113
17.9,-7,2.6,17.75,114
21.3,-8.4,1,12.83,114
23.3,11.6,0.7,47.88,114
31.5,-8.8,5.4,6.82,114
27.8,8.4,1,29.52,114
37.4,-1.5,1.5,8.55,114
29.9,25.9,0.9,79.37,114
30,26.5,2,81.52,114
27.7,-2.4,5,13.79,114
16.6,-8.1,1.1,17.59,115
28,-4.2,5.5,11.84,115
28.9,-8,3.6,8.42,115
30.7,4.6,2.6,19.27,115
31,25.9,1,74.41,115
25.3,21.7,3.1,80.63,115
27.3,20,2,64.59,115
34.7,18.7,1,39.06,115
28.5,21.3,1.2,64.91,115
30.4,11.9,1.4,32.1,115
29.2,10.2,1.4,30.81,115
27.4,-7.3,4.6,9.73,115
14.5,-8.7,1.3,19.2,116
21.1,-2,1.2,21.21,116
30.3,-5.4,2.2,9.47,116
26.7,19.8,1.4,65.89,116
17.7,-0.6,1.5,29.01,116
15.8,-2.7,1.4,27.97,116
19.8,-5.5,1.8,17.65,117
40.9,1.4,1.2,8.71,117
27.1,25.5,2.1,90.91,117
30.7,25.6,1.2,74.19,117
25.8,18.8,0.4,65.23,117
31.6,10.8,1.9,27.77,117
30.4,11.6,1.2,31.39,117
17.1,3.6,1.2,40.67,118
23,-6.6,2.1,13.3,118
27.5,6.9,2,27.14,118
30.5,-7.7,0.5,7.88,118
37.7,11.7,1.5,21.02,118
31.7,26,2.2,72.04,118
25.1,22.9,3.3,87.46,118
25.5,20.2,3,72.36,118
16.1,-0.2,2.7,33.01,118
16.8,-7.7,1.2,17.95,118
17.6,-3.8,3.7,22.92,119
34.4,5.9,0.9,17.07,119
35.2,13.4,1.3,27.01,119
42.9,3,2.3,8.81,119
29.4,26.5,2.5,84.2,119
27.9,27.1,2.4,95.47,119
25.9,20.9,1.5,73.87,119
28,-2.3,6.2,13.71,119
17.5,-3.2,1.6,24.13,119
17.6,-9.3,1.9,15.1,119
35.7,2.2,4.4,12.26,120
34.8,11.9,1.5,25.02,120
25.1,21.1,1.7,78.3,120
30.5,12.3,1.1,32.67,120
29.9,11.7,1.1,32.62,120
15.4,-9.9,2.2,16.56,120
22.4,2,1,26.06,121
27.1,7.1,4.7,28.1,121
26.2,-7.7,0.9,10.15,121
20.9,-5.2,0.6,16.9,121
26.8,6.7,3.6,27.82,121
37.9,12.3,1.3,21.74,121
31.4,26,1.2,73.21,121
25.8,21.1,3.8,75.16,121
30.3,10.5,1.7,29.34,121
17.2,-3.7,2.2,23.8,121
22.8,-2.8,4.1,17.89,122
21.8,-10.4,3.1,10.65,122
18.1,-9,0.8,14.97,122
20.9,-4.7,0.7,17.55,122
20.9,-6.2,1.1,15.64,122
27.6,7.3,1.4,27.68,122
30.6,10.9,3.6,29.65,122
33.3,26,2.2,65.86,122
27.6,26.2,2.2,92.34,122
25.6,20.7,3.2,74.57,122
24.7,22.6,1.5,87.91,122
28.8,6.1,2.1,23.76,122
16.2,-0.7,3.5,31.62,122
31,-4.2,4,9.99,122
16,-0.5,2.6,32.53,122
24.9,-4.3,4.5,14.12,122
22.1,-9.3,3.7,11.39,123
13.6,8.7,1.9,72.39,123
29.8,-5.9,5.3,9.39,123
31.4,-8.3,5.3,7.13,123
31.2,-9.2,5.3,6.74,123
27.8,-3.2,0.1,12.96,123
26.1,2.8,1.4,22.1,123
28.1,9.6,2.5,31.35,123
27.9,26.2,3,90.49,123
31.1,25.4,1.2,71.91,123
30.1,10.5,1.1,29.76,123
23.8,9,2.3,39.03,123
20.5,2.9,2.5,31.14,123
28.4,0.7,3.7,16.59,123
30.8,-4.7,3.8,9.73,123
15.9,1.6,3.2,38.11,124
24.3,1,0.3,21.62,124
29.7,-0.3,5.5,14.31,124
27.3,-3.5,6.3,13.03,124
29.7,-2.7,4.6,12.02,124
31.3,26,1.1,73.48,124
18.2,-0.1,2,28.99,125
20.2,-8.1,2.8,14.07,125
22.6,-6,1,14.32,125
13.9,-4.2,2,28.19,125
26.6,4.5,4.6,24.27,125
37.9,8.5,2.2,16.87,125
41.9,4.9,3.1,10.58,125
31.4,26.6,2.3,75.61,125
30.6,25.9,1.2,76.07,125
29.5,1,3.4,15.97,125
17.4,-7.1,1.4,18.18,126
17.5,0,1.6,30.69,126
18.3,1.4,1.2,32.19,126
21.3,-9.3,3,11.95,126
23,-6.8,2.7,13.15,126
14.6,-5,2.1,25.52,126
30.9,-7.3,5.3,7.96,126
30.1,-11.9,3.1,5.78,126
28.5,10.7,2.9,32.98,126
32,26.3,2,71.85,126
29.2,26.4,0.8,85.07,126
15.4,-2.3,1.8,29.57,126
18,-2.3,2.7,25.12,126
16,-9.1,1.1,16.92,127
35.9,-6.3,3.8,6.48,127
21.5,10.9,3,50.9,127
26.9,25.8,3.1,93.85,127
28.9,27.2,1.9,90.72,127
26.8,18.6,1.3,60.71,127
26.7,19.8,1.9,66.1,127
33.6,14.7,1.3,32.17,127
31.3,11.9,1.3,30.47,127
25.8,-8.8,1.1,9.53,127
20.2,-7,0.3,15.32,128
22.3,-5.1,0.6,15.54,128
30.8,9.8,0.3,27.27,128
29.9,-2.5,2.9,12.06,128
43.3,4.8,1.4,9.8,128
31.3,25.2,1.8,70.25,128
26.5,25.6,1,94.95,128
25.9,23.3,2.8,85.59,128
24.9,21.8,3.2,82.74,128
28.3,20.7,1.5,63.47,128
16.5,2.9,1.8,40,128
19.3,-0.8,2.1,25.88,128
24.6,-7,1.2,11.7,128
24.4,-12.4,3.1,7.78,129
23.2,-3.2,0.7,17.06,129
21.5,-4,2.5,17.74,129
23.2,14.1,0.9,56.57,129
33.8,2.8,3.8,14.26,129
37.1,5.7,4,14.56,129
30.6,26.8,1.4,80.25,129
27.2,26.4,1.7,95.35,129
27,22.4,1.2,75.81,129
33.3,18.1,1.4,40.54,129
33.4,14.4,1.6,31.96,129
29.5,-3,4.6,11.95,129
30.6,-3.6,4.3,10.68,129
15.1,-4.1,2.3,26.44,129
15.4,-1.1,2.5,32.36,130
26.9,-0.7,1.3,16.43,130
24.2,6.8,0.9,32.65,131
21.9,6.3,1.9,36.34,131
24,1.6,2.8,22.95,131
38.6,-7.5,3.3,5.11,131
41,5.1,2.2,11.28,131
31.5,26.2,1.7,73.72,131
26.6,20.3,1.6,68.17,131
33.7,18.4,1,40.5,131
34,21.1,0.7,46.85,131
25.6,8.2,3,33.12,131
16.5,-3.4,2,25.49,131
23.5,-11.6,1.6,8.75,131
32.5,2.6,2,15.11,132
22.8,6.7,1.9,35.38,132
32.4,5.1,5.8,18.1,132
40.9,15.1,1.6,22.19,132
30.7,26.6,1.2,78.78,132
27.8,26.5,2.8,92.73,132
30.3,18.5,1.4,49.18,132
31,22.5,0.4,60.75,132
23.1,-5.9,1.6,13.93,132
16.4,-4.9,2.7,22.78,132
22.1,-5.4,3.1,15.45,133
20.6,7.4,2.5,42.51,133
27.6,8.3,3.4,29.57,133
35.2,-7,2.6,6.37,133
38,-1,3.1,8.57,133
29.1,26.3,3.6,85.1,133
28.9,25.1,3,79.98,133
31.8,26.8,1.3,74.97,133
31,26.7,2.2,77.81,133
28.3,25.9,1.9,86.83,133
31.3,24,2.7,65.1,133
34.5,17,1.8,35.39,133
28.1,20,0.8,61.37,133
35.4,19.5,0.8,39.46,133
33.6,16.9,1.8,36.91,133
32.6,15,1.7,34.57,133
24.8,7,1.9,31.93,133
17,-0.3,3.2,30.97,133
17.9,0.2,3.1,30.21,133
31.5,0.7,4.4,13.94,133
22.4,0.6,3.3,23.65,133
20.8,2,1.4,28.72,133
23,-9,0.7,11.05,134
31.2,0.7,1.1,14.16,134
30.3,6.4,3.2,22.35,134
27,3.2,3,21.51,134
37.5,-1.9,2.6,8.25,134
31.6,26.9,1.8,76.15,134
26.7,25.5,3.4,93.13,134
28,23.2,3.9,75.29,134
26.4,-0.6,0.4,17.04,134
23.5,-5,1.7,14.63,134
28.3,-1.4,0.1,14.33,135
32.4,-4,4.5,9.4,135
37.9,12.8,1.8,22.47,135
42,1.5,4.1,8.31,135
33.2,24.1,2.8,59.1,135
28.1,25.1,2.4,83.57,135
27.3,25.5,1.6,89.87,135
18.2,-1.4,1.6,26.5,135
17.7,1.1,2.4,32.8,135
31.9,-3.8,5.5,9.77,135
27.2,1.2,0.8,18.44,135
23.9,-5.4,2.7,13.86,135
17.5,-4.2,0.5,22.47,136
37.5,9.1,1.5,17.89,136
32.2,6.6,1.8,20.21,136
38.5,9.4,2,17.32,136
28.9,25.4,1.6,81.3,136
34.8,19.3,0.8,40.32,136
15,-0.8,2.9,33.81,136
32.2,-3.5,5.6,9.82,136
25.8,-3.2,2.4,14.61,136
27.3,-6.4,4.5,10.43,136
22.1,-7.7,1.6,12.89,136
21.1,-3.6,4.3,18.72,137
29.6,-1.1,5.3,13.58,137
30.3,-8,0.4,7.78,137
33,-8.8,6.2,6.28,137
40.8,8.8,2,14.74,137
35.5,17.4,1.9,34.27,137
22.4,-6,2,14.43,138
21.2,2.5,1.4,29.15,138
23.8,-2,0.2,17.94,138
32.2,1.9,1.6,14.57,138
31.3,3.3,1.2,17.01,138
31.6,12,2.2,30.22,138
39.5,15.1,3.9,23.9,138
27.3,25.2,1.8,88.19,138
24.3,-8.7,1.6,10.45,138
17.6,-7,1.1,18.08,138
23.7,-7.1,1.1,12.25,138
23.3,-2.9,0.9,17.29,139
21.2,-5.9,1.2,15.64,139
31.4,-10.8,3.4,5.87,139
29.8,-3.9,6.3,10.91,139
36.6,-5.6,3.9,6.56,139
31.3,7.5,2.9,22.75,139
37,-5.6,1.5,6.42,139
39.2,-4.6,2.6,6.13,139
33.3,23.9,1.9,58.01,139
29.2,26.5,1.2,85.48,139
26.2,24.8,2.7,91.83,139
29.4,25.8,3.3,80.97,139
31.9,26.1,3.4,71.49,139
16.8,-2.8,3.7,26.04,139
20.9,-10.6,3.2,11.1,139
19.9,-7.4,0.9,15.11,140
29.3,3.8,2.9,19.72,140
36.6,-6,3.8,6.37,140
31.2,8.6,3,24.6,140
43.6,5.9,0.1,10.43,140
28.8,25.7,0.7,83.39,140
29.9,26,0.7,79.55,140
27,24.8,3.4,88.04,140
22.3,-3.9,2.2,17.05,140
16.5,-9.5,1.2,15.94,141
30.3,-8.9,3.5,7.23,141
31.4,-8.1,0.6,7.27,141
28.4,-2.1,0.4,13.6,141
34.4,-4.6,4.2,7.99,141
35.4,4,6.5,14.19,141
42.3,11,1.4,15.7,141
33.9,22.9,1.2,52.81,141
28.7,25.7,1.7,84.03,141
27.5,25.9,1.6,91.17,141
27.2,25.5,1.9,90.65,141
20.7,2.8,1.8,30.68,141
25.5,-4.2,1.6,13.79,141
27.3,4.8,1.7,23.72,141
24.1,-3.4,1.2,15.88,142
19.4,-6,1.4,17.45,142
35.8,-5.2,4.1,7.1,142
38,5.6,2.3,13.68,142
30.6,11.5,3.9,30.98,142
28.9,26.9,1.9,89.22,142
24.9,10.6,2.8,40.57,142
24.6,8.6,3.6,36.07,142
17.5,0,1.8,30.62,142
21.2,-2.2,2.7,20.74,143
24.8,-6.5,2.4,12.01,143
23,-4.1,1.2,16.14,143
27,7.3,1.6,28.6,143
31.2,-9.9,3.4,6.37,143
23.3,9.2,2.1,40.77,143
35.7,-4.7,2.8,7.36,143
30.7,6.6,2.4,22.01,143
31.1,1.8,2.1,15.42,143
36.8,9,3.6,18.45,143
43,11,3.4,15.13,143
43.3,13.9,4.5,18.04,143
36.6,22,1,42.97,143
33.3,24.8,0.8,60.97,143
28,26.2,2.3,89.88,143
27.4,26.7,2.3,95.74,143
34,18.5,1.1,40.08,143
32.8,18,1,41.45,143
25.2,7.8,2.6,32.98,143
27.4,2.3,1,19.77,143
21.9,-0.5,1.3,22.43,143
22.9,-0.4,2.8,21.27,143
25.6,-0.7,0.7,17.77,143
20,-0.1,1,25.98,144
26.3,5,2.7,25.6,144
26.5,3.9,2,23.28,144
42,9.1,3.1,14.09,144
32.4,25,0.7,65.11,144
33.5,20.9,1.9,47.68,144
23.8,6.9,1.9,33.8,144
19,1.3,0.8,30.51,144
18.5,2.8,1.8,35.18,144
25.3,-0.4,1,18.4,144
25.7,0.4,3.1,19.13,144
16.7,-2.5,2.1,26.83,144
23.9,-5.2,2.1,14.01,145
19.8,1.9,1.5,30.48,145
20.7,-8.7,1.5,12.98,145
20.4,-4.4,1.5,18.46,145
26.1,5,0.8,25.74,145
31.1,-11.4,3.3,5.68,145
31.8,-3.9,2.3,9.74,145
41.7,11.7,3.3,17.05,145
30.6,25.9,1.5,76.08,145
29.8,17.3,1.3,47.07,145
23.8,6.5,1.9,32.87,145
28.9,8.5,2.7,27.85,145
23.2,11.9,2.5,49.12,145
31.1,-0.6,5,13,145
24.6,-2.2,2.6,16.85,145
20.8,1.1,2.6,26.93,145
22.7,-4.3,2,16.11,145
29.5,-1.8,1.1,13,146
33.6,-6.3,6.3,7.35,146
32.7,-1.8,3.4,10.88,146
26.4,1.3,2.1,19.47,146
30.7,7.6,5.7,23.64,146
30.5,-6.1,2.1,8.89,146
38.6,13.2,1.4,22.18,146
39,11.5,2.9,19.42,146
36.6,3,4.2,12.3,146
34.2,24.8,1.8,58.27,146
29.3,26.7,1.3,85.87,146
32.3,25.9,3.2,69.23,146
33.3,21.5,1.1,50.02,146
30,5,0.3,20.55,146
18.7,-3.7,0.4,21.61,146
22.7,-3.3,4.6,17.42,146
22.5,1.1,1.3,24.35,147
19.6,2.5,3.7,32.18,147
31.7,-8,0.4,7.19,147
24,7,2.6,33.55,147
33,0.9,2.1,12.99,147
31.4,7.1,3.5,21.89,147
35,-7.4,2.5,6.27,147
39,20.1,2,33.62,147
37.7,21.8,2.1,40.1,147
30.1,26.5,1.3,80.94,147
29,26.4,1.7,85.96,147
30.2,26.7,2.3,81.44,147
31.3,26.5,2.5,75.68,147
26.3,24.6,1.9,90.33,147
28.8,27.1,1.6,90.36,147
33.9,17.5,1.5,37.73,147
27.1,13.1,2.7,42.03,147
34.8,3,3.5,13.63,147
20,1.9,2.1,30.06,147
31.7,-3,5.8,10.47,147
28,-3.3,0.8,12.67,147
23,-7,3.6,12.97,147
22.8,-1.1,2.7,20.3,148
20.8,1.2,1.2,27.27,148
21.8,-5.9,1.3,15.15,148
32.1,7.1,3.6,21.07,148
39.6,4.7,5.2,11.83,148
34.9,13.3,1,27.25,148
38.4,13,0.2,22.11,148
40.5,9.1,1.5,15.26,148
35,21,3.4,44.14,148
37.4,20.6,3,37.68,148
36.7,20,1.3,37.81,148
34.3,24.1,2.4,55.51,148
33,25.3,1.1,64.16,148
32.4,24.7,1.2,63.95,148
32.9,25.4,1.8,64.82,148
32,26.5,2.7,72.87,148
19,2.7,1.2,33.71,148
28.1,2.3,0.5,19.02,148
28.8,0.3,2,15.84,148
18.7,-2.7,2,23.26,148
24.5,-3.9,3.5,14.92,148
21.2,-1,3,22.61,149
31.8,-4.1,6.2,9.64,149
37.3,2.1,4.8,11.14,149
36.1,12.5,0.4,24.29,149
40.8,16.6,2,24.47,149
38.1,20.8,1.4,36.89,149
37.2,23.7,1.7,46.25,149
35.1,23.7,1.1,51.72,149
37.9,22.1,1.6,40.35,149
39.7,22,1.9,36.33,149
37,21.7,1,41.24,149
35.8,23.6,1.3,49.48,149
33.8,24.3,3.4,57.73,149
28.4,26.1,1.1,87.17,149
30.1,25.3,1.9,75.42,149
32.5,26.1,2.8,68.96,149
31.5,18.7,1.4,46.5,149
24.4,6.5,2.2,31.68,149
28.7,0.4,1,15.96,149
26.8,-1,3.1,16.15,149
28.4,0.8,1.2,16.78,149
24.1,-1.2,1.1,18.67,149
25.5,-1.5,0.9,16.78,149
32.5,-7.9,0.4,6.89,150
30.3,-1.1,5.4,13.07,150
33,-5,6.2,8.4,150
33.2,-2,1.6,10.41,150
33.8,13.4,0.4,29.29,150
44.7,12.2,3.8,15.04,150
36.2,19.8,5.1,38.48,150
37,25.5,1.3,51.79,150
35,22.6,1.3,48.71,150
32.9,23.8,0.6,58.76,150
32.6,24.3,1.8,61.66,150
37,23.4,2.5,45.85,150
38,20.4,0.5,36.07,150
27.8,26.1,1.7,90.49,150
32.5,26,2.2,68.86,150
27,1,2.7,18.43,150
27.7,0.5,5.2,17.11,150
24.3,2.1,0.2,23.4,150
15.3,-1.8,1.6,30.82,150
22.2,-5.8,2,14.9,151
23.7,0.5,1.7,21.72,151
35.1,4.1,5.3,14.47,151
34.8,4.3,6,14.92,151
35.5,19.5,2.2,39.17,151
35.1,20,5,41.32,151
27.2,25.3,2.3,89.16,151
28.1,25.4,0.8,85.1,151
27.9,22.6,4,72.93,151
33.7,18.5,1,40.55,151
34.9,20.3,0.9,42.43,151
28.5,16.8,1.5,49.08,151
26.2,0.1,2,18.17,151
21.9,3.3,2.6,29.47,151
30.4,-2.6,6.1,11.64,151
21.8,0.6,2.4,24.55,152
29.8,1.2,5.3,15.89,152
32.4,-8,0.5,6.93,152
28.4,-6.7,1.5,9.58,152
28.9,7.5,1.2,26.1,152
33.6,-7.6,6.4,6.64,152
35.7,18.9,1.6,37.21,152
38,16.1,3.1,27.57,152
27.2,24.9,0.4,87.34,152
27.4,24.1,3.8,82.43,152
31.8,25,2.3,67.27,152
31.5,23.5,2.7,62.59,152
32.7,21.5,2.5,51.95,152
33.4,19.1,0.6,43.01,152
20.8,-2.4,1.6,20.97,152
28.2,-3.3,3.6,12.57,152
25.7,3.3,2.9,23.53,152
23.2,-6.7,2.4,13.04,152
23.7,-3.9,0.9,15.66,152
19.1,2.9,0.3,34.06,153
15.1,-2.6,0.8,29.48,153
26.3,3.5,0.7,22.93,153
20.7,-4.2,3.3,18.43,153
25.4,-11.9,3.3,7.59,154
20.2,-11.9,1.3,10.42,154
37.3,16.4,4.5,29.11,154
29.4,25.3,1.1,78.58,154
28.2,25.9,2.4,87.51,154
28.9,27,1.8,89.64,154
32.6,26.7,2,71.31,154
31.3,22.7,2.1,60.37,154
30.6,7.4,3.3,23.46,154
20.7,0,0.7,25.09,154
25.2,0.1,1.3,19.26,154
18.3,-4.3,2.3,21.17,154
21.1,-3.1,2.8,19.54,154
21.4,-5,3.7,16.54,154
21.8,-5.3,0.7,15.8,154
18.3,-0.9,0.9,27.24,155
25.3,-5.9,2.1,12.23,155
32.1,9,0.9,24.02,155
37,-7.9,4.6,5.38,155
35.6,16,2.1,31.24,155
32.8,15.3,2.3,34.96,155
28.5,24.8,0.7,80.52,155
31.5,26.4,2.7,74.36,155
19.7,0.4,2.1,27.37,155
26,-0.5,0.6,17.53,155
16.4,-7.6,2,18.56,155
23.6,-2.5,4.4,17.55,156
23.9,-0.8,0.8,19.52,156
27.5,-1.8,0.6,14.63,156
26.6,11.9,0.5,39.99,156
31.3,-0.3,5.9,13.09,156
35.2,-7.5,0.4,6.12,156
29.3,27.2,2.4,88.28,156
24.8,3.5,2.1,25.19,156
27.1,-1.1,1.2,15.79,156
22.6,-3,1.8,17.85,156
39.7,-7.3,3.8,4.88,157
35.7,4.6,1.9,14.49,157
27.5,26.1,1.3,92.12,157
32.7,26.9,1.3,71.57,157
32.9,25.8,3.6,66.55,157
32.9,25.9,3.4,66.65,157
28.9,20.5,3.9,60.63,157
29.5,7.3,2,24.79,157
25.7,10,2.2,37.12,157
32.9,6.8,3.6,19.79,157
21.9,3.5,2.4,29.87,157
27.4,-1,4.1,15.57,157
25.2,2.2,1.9,22.33,158
33.8,1.4,1.2,12.88,158
26.9,6.1,3.4,26.66,158
37.4,1.5,6.8,10.61,158
43.4,7.3,0.9,11.58,158
29.3,25.8,3.2,81.4,158
31.6,25.6,2.7,70.75,158
31.8,26.2,3.1,72.4,158
31.9,23,2.3,59.5,158
18.8,-1.7,1.4,24.99,158
16,1.1,2,36.37,159
41.2,11.4,5.4,17.1,159
36.1,19.8,1.4,38.54,159
27,25.1,3.6,89.54,159
32.3,26.1,2.3,69.99,159
33.1,17.6,1.1,39.7,159
27.4,13.7,1,42.86,159
23.4,5.3,3.2,31.04,159
31.4,-0.3,4.9,13.04,159
23.9,0.4,0.4,21.31,160
15.9,-2.3,0.9,28.54,160
20.4,5,2.5,36.36,160
29.5,-8.8,0.1,7.63,160
23.2,4.7,2.9,30.03,160
29.9,7,1.6,23.71,160
28.6,5,3,22.35,160
29.8,-2,3.8,12.6,160
42.8,11.2,1.1,15.55,160
41.2,15.8,4.6,22.78,160
29.1,26.2,2.3,84.43,160
27.3,26,2.7,92.87,160
32.7,25.9,3.3,67.35,160
30.2,23,4.4,65.4,160
34.6,17.1,0.9,35.44,160
28.7,16.5,2.3,47.77,160
21.6,5.9,3.3,36.06,161
14.4,-9.7,0.7,17.86,161
32.2,-8,0.4,6.97,161
26.5,-4.9,1,12.33,161
29,5.9,2.7,23.25,161
30.3,25.7,0.4,76.58,161
30.9,25.4,1.6,72.52,161
20,-0.2,3.1,25.89,161
31.7,0.9,4.4,13.98,161
26.2,-4.3,5.6,13.07,161
24.6,2.3,0.8,23.38,162
13.9,-4.2,1.9,28.31,162
20.4,-11.6,2.8,10.55,162
23.1,-9.3,3.4,10.75,162
22.8,-1.9,0.9,19.25,162
24.6,7.1,2.7,32.7,162
28.5,1.1,4,16.96,162
34.2,8.1,4.2,20.01,162
27.8,23.1,3.7,75.57,162
28.7,1.1,3.8,16.88,162
28.8,5.6,1.2,22.95,162
26.5,-5.2,4.7,12.04,162
24.9,2.7,0.8,23.63,163
21.6,-6.9,1.4,14.22,163
25.7,-11.2,3.3,7.9,163
21.9,-9,3.3,11.8,163
25.3,-9.1,1.9,9.53,163
29.9,-7.4,1.1,8.34,163
33.6,7.3,0.4,19.6,163
32.4,3,2.5,15.63,163
30.9,24.9,2.9,70.31,163
32.7,26,2.3,67.97,163
28.6,22,4,67.37,163
24,9.2,2.4,38.93,163
26.8,3.1,1.9,21.74,163
30.6,0.6,4,14.54,163
22,-2.2,5.1,19.73,163
26.3,-8.4,2,9.54,163
20.9,-5,1.3,17.08,164
24.4,-1.7,1.9,17.63,164
33,-3,0.2,9.74,164
39.1,2.3,4.9,10.25,164
34,-3.5,2.9,8.89,164
30.2,11.7,1.7,32.05,164
29.6,14.9,2.9,40.91,164
44.6,2.3,3.5,7.7,164
33.4,23.6,1.3,56.53,164
32.7,23.5,1.2,58.36,164
28.4,4.2,0.7,21.4,164
27.5,4.3,1.5,22.7,164
20.2,1.9,0.9,29.55,164
22.7,-5.8,1.7,14.42,164
20.9,-4.9,0.9,17.19,164
23.1,1.3,0.7,23.84,165
22.5,0.4,3.1,23.15,165
23.3,-7.5,3.7,12.2,165
29.2,13.5,2.4,38.17,165
31.5,-1.5,1.8,11.9,165
42.5,13,2,17.79,165
34.2,3.5,3.9,14.56,165
26.3,1.4,0.7,19.84,166
15.2,-4.9,2.4,24.63,166
22.7,-9.2,3.4,11.1,166
29.3,5,3.7,21.41,166
31.5,-1.2,5.5,12.1,166
36.6,3.3,5.8,12.57,166
33.7,23.8,2.3,56.35,166
32,24.9,2.4,66.36,166
33.7,18.7,1.2,41.28,166
20.7,0.4,2.8,25.86,166
18.5,5.3,1.5,41.87,166
19.4,0.1,1.8,27.41,166
24.5,1.8,4,22.59,167
27.7,-5.3,0.6,11.09,167
31.5,2.4,1.7,15.78,167
30.1,0,4,14.32,167
32.5,6.9,5.5,20.29,167
32.7,13.7,4,31.68,167
42.5,9.1,1.8,13.72,167
35.1,24.8,2.6,55.39,167
30.8,20.1,1.7,52.79,167
34.2,5,3.3,16.18,167
36.2,2.4,3.9,12.08,167
19.7,3.3,2.2,33.86,167
28.4,3.8,0.4,20.81,167
26.9,-8.5,3.2,9.12,167
19.6,0.5,0.8,27.91,167
30.9,-8.2,0.6,7.38,168
35.5,1.1,2.3,11.49,168
39,-0.5,6.7,8.45,168
31.6,22.7,0.9,59.16,168
28.6,25.2,1.1,81.72,168
33,23.5,2.6,57.62,168
32.3,23.3,3.3,59.25,168
31.5,22.5,2.4,59.05,168
35.7,19.4,0.1,38.44,168
30.3,6.7,2.9,22.79,168
33.1,5,3,17.21,168
25.9,-3.3,1.6,14.36,168
25.2,0.5,2.6,19.81,168
15.6,-11.9,0.2,13.99,169
24.5,-7.2,1.6,11.66,169
30.7,-7.9,0.7,7.69,169
28.8,6.8,2.3,25.03,169
22.4,5.4,2.2,33.13,169
26.6,8.7,0.4,32.34,169
32.3,13.8,2.4,32.59,169
39.7,14.7,3.2,23,169
32.2,25.3,1.8,67.11,169
32.6,26.1,2.7,68.71,169
32.8,26,2.5,67.72,169
28.7,21.3,3.7,64.28,169
29,20.2,3.4,58.97,169
34.3,18.3,0.7,38.89,169
21.6,1.3,2.4,26.01,169
28.6,6,1.1,23.88,169
17.3,-0.7,1.1,29.51,169
24.8,-0.5,3.8,18.9,169
25.4,-12.5,2.8,7.25,169
14.3,-10.6,1.5,16.77,170
25.6,-6.3,2.6,11.7,170
26.9,11.7,1,38.83,170
28.2,3.1,3.3,20.05,170
31.2,1.9,2.3,15.42,170
35.6,-0.3,1.3,10.31,170
37.8,1.8,5.9,10.58,170
37.2,-8.6,3.1,5.05,170
35.6,11.2,4,22.84,170
33.9,23.7,2.8,55.25,170
34.6,23.5,2.5,52.7,170
35.5,17,1.9,33.55,170
29,21.5,0.6,64.14,170
34.5,18.4,1.1,38.7,170
29.8,3.4,1.4,18.57,170
21.1,0.7,2.9,25.75,170
31,0.8,3.8,14.39,170
23.7,-3.2,2.3,16.46,170
23.8,-3.5,0.3,16.08,170
21.2,-2.8,2.6,19.84,170
26.5,-8.5,1.9,9.37,170
34.4,2.8,2.9,13.75,171
30.2,4.8,3.4,20.09,171
35.9,2,2.8,11.95,171
40.8,4.8,5.4,11.18,171
38.7,12.9,3.4,21.56,171
40.4,14.1,4,21.31,171
32.9,24,2.2,59.78,171
28.7,21.3,4.4,64.2,171
30.1,9.5,3.4,27.8,171
17.3,-5.3,1.5,20.91,172
22.2,1.3,3.1,25.11,172
18,-5.1,1.8,20.4,172
24.1,0.2,1.4,20.69,172
31.6,4.4,3.4,17.97,172
41.5,16.3,4.4,23.09,172
35.8,20.7,2.1,41.44,172
35.6,21.4,2.2,43.8,172
27.7,13.4,1.9,41.36,172
33.8,5.9,3.3,17.71,172
26.6,3.8,1.7,23,172
25,-4.9,2.2,13.44,172
13.5,-1.9,2.4,34.36,172
20.6,-3,0.8,20.21,173
23.9,-11.2,0.8,8.79,173
25.3,2.1,2.1,22.04,173
31.5,8.4,3,23.89,173
27.7,8.9,2.6,30.79,173
28.4,10.7,1,33.3,173
36.2,18.8,2.3,36.05,173
36.1,19.5,2.9,37.78,173
31.3,26,3.5,73.49,173
29.1,19.6,1.2,56.61,173
28.7,18.5,1.1,54.15,173
29.5,8.5,4,26.88,173
32.3,8.4,3.6,22.86,173
26.1,-0.7,0.9,17.17,173
27.1,2.4,3.3,20.26,173
30.9,0,5,13.67,173
24.6,-6.1,2.4,12.56,173
24.9,-0.5,1.2,18.72,174
25.2,1.9,0.8,21.83,174
29.4,3.6,5,19.29,174
25.4,-6.2,0.8,11.89,174
31.2,4.6,3.6,18.62,174
30.9,9.2,3.6,26.1,174
36,8.5,1.7,18.73,174
41.5,4.5,5.2,10.51,174
34.1,23.1,2.3,52.84,174
34.3,21.8,2.3,48.32,174
33.1,21.9,2.5,52.04,174
34.1,19.8,1.7,43.2,174
34.9,17.1,1,34.74,174
31.8,21.4,1,54.26,174
28.7,6,2.1,23.73,174
23.3,7.9,2.5,37.26,174
23.8,-1.9,4.4,18.14,175
16.8,-0.9,1.8,30.01,175
19,-9.8,1.7,13.31,175
26.2,11.5,3,40.01,175
29.6,7.8,1,25.6,175
32.9,0,5.8,12.21,175
37,-4.5,2.9,7,175
40.3,-7.1,4.1,4.8,175
43.6,4.8,3.9,9.67,175
38.7,17.4,3.4,28.85,175
40.5,13.2,4,19.96,175
28.1,22.8,4.5,72.84,175
33.3,16.7,0.9,37.14,175
35.8,2.4,3.8,12.37,175
28.7,6.5,2,24.64,175
29.3,3.3,2.2,18.99,175
25.2,-1.1,2.5,17.58,175
21.4,1.9,2.5,27.45,175
25,-3.8,5,14.64,175
26.1,-7.5,3.2,10.35,175
24.8,1.6,2.4,21.87,176
19.4,-2.6,2.2,22.49,176
22.9,-9.4,3.2,10.78,176
32.4,-0.6,5.6,12,176
33.5,0.9,3.2,12.58,176
35.7,7.5,2.9,17.73,176
37.3,19,2.4,34.5,176
34,20.6,2.9,45.45,176
34.9,18.3,2.7,37.55,176
28.8,26.9,2.7,89.72,176
24.5,3.7,1.3,26.01,176
19.1,0.6,2.2,28.94,176
23.6,-3.5,3.4,16.22,176
19.9,-0.9,1.9,24.65,177
25.4,-10.3,3.2,8.67,177
27.6,7,1.4,27.23,177
30.6,2.5,1.4,16.68,177
35.6,6.6,4.1,16.82,177
36.9,-1.6,1.5,8.72,177
38.1,2.2,5.6,10.73,177
38.5,-7.2,0.7,5.24,177
35,11.9,2.6,24.74,177
30.1,22.6,3.8,64.15,177
34.5,17.7,1.3,37.02,177
29,6.5,2.3,24.16,177
28.5,11,3.6,33.73,177
29.9,3.9,1.6,19.09,177
27.7,6.1,1.7,25.37,177
23.9,-6,2.9,13.2,177
15.1,-5.5,1.1,23.8,178
22.1,-8.9,1.5,11.8,178
17.1,-10.8,0.5,13.88,178
19.5,-1.7,3.5,23.79,178
31.3,1.7,3.1,15.11,178
36.1,4.1,5.4,13.69,178
40.4,3.1,5.1,10.14,178
32.1,19,2.6,45.82,178
36.2,12.7,3.1,24.44,178
39.8,15.7,1.5,24.47,178
30.5,19.3,1.3,51.29,178
34.3,7,3.6,18.54,178
36,2.4,4,12.26,178
21.1,-0.6,1.4,23.48,178
25,-12.9,0.2,7.19,179
30.1,-6.4,0.6,8.88,179
33.4,-0.3,1.9,11.65,179
30.6,4,3.3,18.49,179
23.8,10.2,2.9,42.3,179
26.4,2.3,2,21,179
32.9,-0.2,5.7,12.05,179
32.8,15.3,3.1,34.9,179
44.8,5,1.6,9.19,179
41.7,6.4,3.3,11.92,179
31.6,22.7,4.5,59.42,179
32,21,1.4,52.22,179
31.9,10.6,3.6,27.06,179
19.8,2.2,1.5,31.1,179
29.8,0.2,5.1,14.84,179
26.3,-3.5,4.2,13.8,179
20.7,-1.8,2.5,22.01,180
28.4,-6.2,2.3,9.97,180
29.4,-1.2,1,13.69,180
31.2,1.7,2.8,15.21,180
34.1,6.1,5.3,17.63,180
41.2,3.9,5.2,10.28,180
34.3,20.7,2.2,45.01,180
20.4,2.4,0.1,30.32,180
19.5,3.1,1.7,33.63,180
30.8,1.1,3.6,14.9,180
30.4,-9.5,1.5,6.91,180
26.6,-4.1,5.8,12.98,180
25.9,-8.3,1.9,9.83,180
18.8,-1.9,0.8,24.59,180
13.8,-3.1,1.9,30.8,180
25.4,-4,1.7,14.1,181
22,-2.1,2.8,19.82,181
19.8,-4.7,1.3,18.72,181
25.4,2.8,3.7,23.14,181
30.4,7.4,1.3,23.77,181
36.8,4.4,5.2,13.47,181
36.4,13.3,1.9,25.08,181
35.9,13.2,2.9,25.65,181
33.1,26.3,2.2,67.44,181
31.5,26.4,4.1,74.29,181
30.3,25.8,3,77.01,181
28,21.5,4.2,67.77,181
31.2,1.2,4.8,14.64,181
23.6,-1.2,1.4,19.27,181
25,-5.2,3.5,13.17,181
24.7,-4.7,2.2,13.93,181
24.8,-8.1,1.9,10.65,181
25.7,-5.8,2.6,12.04,182
21.8,5.4,2.3,34.3,182
32.2,6.6,2.4,20.33,182
34.2,-1.7,3.6,10.03,182
39,1.3,5.6,9.58,182
39.5,0.7,5.7,8.95,182
39.2,-1.3,4.2,7.89,182
41.1,3.3,4.5,9.93,182
34.8,19.8,0.9,41.57,182
30.2,19.2,0.4,51.66,182
33.6,4.6,3.3,16.3,182
35.4,2.7,4,12.9,182
21.1,1.3,1.4,26.94,182
28.1,7.9,1.7,27.95,182
26.5,-9.3,3.1,8.77,182
28.5,5.7,4.8,23.55,183
34.4,1.6,2.6,12.59,183
28,7.3,0.7,27.1,183
37.3,1.6,2.2,10.74,183
36.7,6.4,1.8,15.55,183
37.3,18.8,0.9,33.87,183
36.8,20.2,1.6,38.06,183
40.1,17.1,1.3,26.32,183
32,26.5,2.9,72.88,183
31.6,23.3,2.4,61.6,183
33.3,14,2.1,31.2,183
32.8,4.8,2.7,17.26,183
25.1,-0.9,4.7,18,183
30,1.3,3.7,15.83,183
18.4,-2.6,1.4,23.91,183
27.5,-2.6,0.3,13.81,183
23.9,-4.3,2.2,14.98,183
25.6,-2,3,16.14,184
24.6,-8.9,3,10.12,184
16.5,-2.8,1.2,26.51,184
18.8,7,1.9,46.33,184
32.3,-0.1,5.9,12.56,184
25.4,-8.3,2,10.12,184
24.1,5.5,3.6,30.06,185
22.6,-0.3,4.3,21.87,185
19.5,-3,0.6,21.59,185
19.6,-1.9,0.8,23.36,185
25.6,-3.7,1.6,14.19,185
30.5,-8.6,0.3,7.33,185
32.4,4.5,3.1,17.31,185
38.9,1.1,6,9.54,185
41.4,4.8,5.3,10.79,185
31.4,26.3,4.1,74.57,185
32.1,26,1.6,70.15,185
33.1,22,2.4,52.26,185
31.8,22.5,0.4,57.97,185
29.7,19.8,1.3,55.33,185
31,4.9,0.3,19.24,185
29.1,-10.4,1.8,6.89,185
23.5,-1.1,4.3,19.5,186
22.2,-0.4,3.2,22.25,186
26.4,-6.8,2,10.74,186
23.1,7.6,1.4,36.93,186
35.4,5.5,5.1,15.69,186
36.3,4.8,5.1,14.24,186
38.5,-8.4,3.3,4.79,186
28.7,12,1.9,35.68,186
34.1,15.1,1.4,31.98,186
38.4,21.2,6.4,37.04,186
36.7,21.8,0.9,42.21,186
31.4,19.8,3.6,50.25,186
29.8,21.5,1.6,60.94,186
35.1,6.1,3.9,16.6,186
20.8,1.7,1.8,28.12,186
25.4,-5.8,3.1,12.28,187
22.2,-1.8,2.5,20.03,187
28.9,-5.1,1,10.51,187
28.1,7,2.6,26.3,187
33,0.9,2.5,12.97,187
40.5,11.9,1,18.4,187
33.1,27,1.3,70.28,187
34.7,20.5,1.1,43.64,187
29.2,24.4,2.1,75.51,187
19.9,4.4,0.6,35.95,187
30.1,-10.1,1.7,6.67,187
28.4,0.1,1,15.9,187
26.9,0,3.6,17.23,187
25.7,-12.3,3,7.26,187
23.9,-5.1,2.7,14.14,188
33.4,8.7,4.5,21.91,188
25.2,8.1,3.4,33.72,188
33.8,4.5,1,15.96,188
39.6,9.7,2.9,16.61,188
38.2,-5.9,4.5,5.89,188
42.9,4.3,3,9.68,188
38.5,18.7,4.2,31.56,188
33.3,20.6,2.1,47.27,188
32.8,7.5,4.7,20.77,188
26.3,0.5,4.3,18.52,188
27.2,0.3,3,17.33,188
22.1,1.8,0.7,26.21,188
30.1,1.5,5.4,15.96,188
26.3,-2.8,4.2,14.61,188
20.5,-11.8,1.8,10.36,189
30.2,-5.3,0.7,9.6,189
35.9,6.2,4.2,16.05,189
40.6,-6.9,4.3,4.78,189
36.4,1.1,2.3,10.87,189
35.1,7.7,2.7,18.54,189
35.2,13.6,3.4,27.4,189
32.2,22.3,2.6,56.08,189
31.6,22.9,2,60.11,189
35.7,7.4,3.9,17.64,189
29.6,6,1.5,22.59,189
25.1,-5.4,2.6,12.91,190
23.5,5,2.4,30.07,190
39.7,20.2,2,32.59,190
32.5,23,3.3,57.37,190
29.8,22.9,3.9,66.54,190
35.6,18.6,1.2,36.81,190
30.4,9.1,2.4,26.6,190
28.2,6.1,3.2,24.72,190
18.3,-0.2,2.2,28.63,190
27.1,-3.4,3.6,13.25,190
25.8,-1.8,4.2,16.14,190
24.3,-6.5,4.4,12.44,190
24.6,0.6,2.2,20.67,191
26.3,-8,1.7,9.84,191
30.3,7.9,3.1,24.64,191
31,26.5,3.8,77.16,191
30.2,22,1.5,61.49,191
32.9,8.3,3.7,21.93,191
33.2,6.7,2.6,19.25,191
30.8,-0.5,3.2,13.24,191
21.6,5.1,2.1,34.12,192
17.3,-6.8,2.4,18.65,192
31.2,-5.6,1.1,8.89,192
35.8,3.6,3,13.42,192
40.6,-6.8,4.4,4.83,192
35.6,9.9,1.7,20.91,192
37.4,12.8,1.9,22.97,192
31,21.9,4.2,58.43,192
30.1,19,0.9,51.35,192
30,20.4,1.5,56.5,192
34.7,18.5,1,38.55,192
33.2,2.8,3.3,14.73,192
32,4.5,2.8,17.77,192
26,4.5,1.9,25.02,192
20.5,0.9,1.3,27.08,192
28.8,-0.2,0.8,15.26,192
28.4,4.7,2.1,22.06,192
32,8.2,3,22.89,193
35.9,10.1,0.6,20.97,193
36.9,-3.1,2.6,7.8,193
36.8,13.2,1.2,24.38,193
45.4,2.3,3.6,7.36,193
35.7,19.2,1.1,37.91,193
34.2,6.3,2.8,17.77,193
33.5,7.1,3.1,19.49,193
27.6,-2.2,1.3,14.07,193
26.2,-3.5,6,13.92,193
24.7,-6.8,1.6,11.88,194
26.1,-8.7,2,9.42,194
30,-6.2,2.2,9.07,194
31.2,-6.3,1.7,8.41,194
33.8,2.9,2.6,14.31,194
37.8,-4,2.7,6.93,194
39.5,0.7,5.8,8.93,194
32,24.9,2.6,66.36,194
36.1,17.1,1.9,32.56,194
34.8,18.8,1.1,39.08,194
33.4,5.9,2.6,18.01,194
32.5,5.1,2.9,17.99,194
27,-5.1,2.7,11.73,194
20.1,-8.7,1.4,13.48,195
35.1,-5.8,2.1,7.01,195
30.7,12.1,2.5,31.96,195
35.4,23.8,2.3,51.35,195
31.5,22.5,3.4,58.78,195
29,4.7,0.4,21.35,195
23.2,3,1.9,26.61,195
30.5,-2.9,2.2,11.37,195
23.5,3.1,2.2,26.38,196
20.7,3.3,0.7,31.67,196
35.5,2,2.2,12.18,196
35.4,3.2,3,13.36,196
33,2.3,2,14.39,196
28.8,3.4,3.1,19.72,196
39,0.7,4.1,9.21,196
40.1,-6.9,0.9,4.92,196
32.8,23.3,3.5,57.34,196
33.8,21,2.9,47.38,196
34.8,20.9,2.2,44.5,196
30,20.1,1.7,55.43,196
34.7,17.1,0.9,35.15,196
28.8,18.9,0.4,55.21,196
35.4,12.3,1.9,24.93,196
29,-2.6,2.1,12.58,196
29.4,1.1,3,16.2,196
23.9,-11.5,3.8,8.62,196
25.8,-7.3,1.5,10.7,197
24,-4.9,2.1,14.27,197
33.5,8.2,1,20.99,197
38.1,4.4,2.8,12.56,197
41.3,-0.7,6.7,7.34,197
40.8,3.6,2.5,10.28,197
39.4,15.8,1,25.03,197
38.1,22.5,0.7,40.96,197
31.7,26,2.1,71.88,197
33.4,25.1,2.4,61.87,197
28.9,25.6,1.7,82.43,197
32.1,12.6,1.2,30.41,197
24.8,-5.6,2.3,12.89,197
24.3,-6.9,4,12.08,198
30.9,-6.3,2,8.6,198
36.7,-0.7,2.4,9.38,198
39.1,7.7,3.4,14.98,198
36.7,4.2,5.4,13.34,198
43.6,1.7,4.9,7.74,198
38.7,21.6,0.8,37.34,198
32,25,2.8,66.69,198
32.1,15.5,2.5,36.81,198
33.8,9.4,3.7,22.42,198
31.6,9.8,4.2,26.07,198
30.4,0.2,2.9,14.28,198
30.3,-1.1,3,13.09,198
25.6,-3.8,4.2,14.06,198
24.9,-2.7,6,15.98,198
25.1,-11.9,3.4,7.73,198
25.8,-4,2.2,13.7,199
34.2,3.5,2.4,14.59,199
35.7,3.8,2.9,13.7,199
39.5,11.2,1.3,18.54,199
39.7,9.3,3.4,16.07,199
37.8,-7.3,4.3,5.42,199
36,15.4,3.8,29.38,199
32.5,26.2,2.2,69.44,199
31.6,25.7,0.9,71.05,199
30,-4.7,1.6,10.22,199
18.1,-2.2,1.5,25.09,199
27.1,-2.5,1.3,14.25,199
26.1,-3.1,2,14.42,200
35.1,3.7,2.7,14.04,200
34.4,0.2,2.9,11.38,200
35.9,8.9,4.4,19.25,200
42.4,7.8,2.8,12.6,200
33.3,26.5,1.6,67.49,200
24.9,-0.8,1,18.39,201
35.2,2.6,2.1,12.93,201
29.2,4.2,3.9,20.4,201
26.5,3.2,1.1,22.28,201
33.3,1.6,2.8,13.45,201
39.5,12.2,2.3,19.75,201
38.1,12.6,2.9,21.92,201
28.8,27.3,2.1,91.42,201
31.3,20.4,4.2,52.41,201
33.9,20.4,2.6,45.36,201
34.5,20.8,2.3,44.76,201
31.8,20.6,1.8,51.55,201
35.2,4.4,3.4,14.68,201
29.9,-3.1,2,11.55,201
19.1,3.6,1.4,35.82,201
27,-1.8,2,15.07,201
22.5,-6.6,1.7,13.74,202
22.2,-9.5,2.9,11.16,202
28.5,-5.6,1.4,10.35,202
32.3,-3.7,2.3,9.64,202
32,-0.9,1.1,12.06,202
32.6,8.7,1,22.87,202
40.3,-1.8,6.6,7.12,202
38.4,2.5,4,10.84,202
32.6,25.3,1.4,65.44,202
28.5,23.3,3.5,73.33,202
32.8,20.1,3,47.38,202
35.4,12.1,2.6,24.55,202
35.5,8,3.8,18.51,202
31,2.4,0.9,16.18,202
29.7,4.4,1.5,20.12,202
21.4,3.3,1.5,30.42,202
29.7,-8.9,1.5,7.53,202
27.9,-3.2,2.6,12.86,202
21.3,-11.2,3.1,10.3,203
22.6,7.8,2,38.72,203
31.4,4.2,3.3,18.02,203
32.1,9.5,4,24.81,203
35.8,3.1,4.1,12.99,203
37.6,4.4,2.1,12.93,203
36.5,3.6,2.5,12.94,203
30.7,-5.4,1.8,9.29,203
32.5,13.5,3.3,31.71,203
30,24.5,1.1,72.62,203
30.8,26,1.1,75.59,203
34.8,20.9,2.3,44.52,203
33.5,6.3,3.5,18.52,203
26.3,-1.8,1.6,15.65,203
25.3,-4.7,3.6,13.41,203
23.5,-3.7,2.7,16.12,204
33.6,4,2.1,15.66,204
35.2,-0.4,3.1,10.41,204
38.9,5.3,5.1,12.76,204
43.8,5.6,2.6,10.05,204
31.3,25.9,2.1,73.17,204
30.7,25.6,0.8,74.26,204
31.1,20.9,4.3,54.72,204
32.9,20.1,1.4,46.92,204
30.7,21.2,0.4,56.84,204
35.1,12.9,2.2,26.24,204
28.5,9.3,2.7,30.07,204
21,-8.3,1.3,13.19,205
24.7,-5.7,2.5,12.89,205
33.2,8.2,3.7,21.4,205
35.7,6.3,2.7,16.34,205
35,8.1,5.1,19.25,205
41,-2.1,6.7,6.71,205
37.5,-0.8,1.9,8.93,205
33.3,13.5,1.8,30.31,205
33.9,12.3,2.4,27.01,205
43.1,4,4.1,9.35,205
44.8,5.4,0.3,9.47,205
29.4,26.2,3.5,82.88,205
33,21.4,1.2,50.67,205
34.9,8.7,3.8,20.09,205
32.3,4.4,4.5,17.34,205
32.6,4.7,3.3,17.37,205
22,3.2,0.9,29.18,205
29.4,-3.9,4.3,11.21,205
25.8,-4.9,1.8,12.78,205
26,2.6,2.3,21.89,206
23.9,-1.9,2.1,18,206
24.2,6.3,2.5,31.63,206
37.3,4.4,4.1,13.07,206
31.1,25.1,0.6,70.66,206
30.5,25.2,1.1,73.4,206
28.8,20.6,1.7,61.34,206
33.3,3.2,2.6,15.01,206
28.1,0.4,3.2,16.51,206
29.5,-2,0.7,12.81,206
27.2,-1.8,1.3,14.84,206
26.6,-0.4,3.3,17.03,206
23.7,-5,1.1,14.44,207
23.9,2.6,2.7,24.9,207
30.9,-6.4,1.2,8.53,207
34.4,-1.1,1,10.38,207
31.5,26.6,2.1,75.42,207
34.8,19.1,0.9,39.81,207
33.1,5.3,2.5,17.67,207
31,2.8,1.8,16.63,207
31.3,4.9,0.6,19.03,207
28.2,-2.3,4.3,13.57,207
29.8,-3.6,4.1,11.17,207
26.1,-1.3,1.2,16.4,207
26.6,3.7,3.5,22.83,207
25.5,-1.8,2.7,16.4,208
25.8,-2.1,1.2,15.74,208
34.6,-0.1,1.7,11.06,208
34.2,-0.1,1.8,11.25,208
29.9,7,0.7,23.74,208
30,7.2,2.3,23.99,208
35.1,-1.5,3.5,9.68,208
40.5,5.5,5.1,11.94,208
43.5,0.3,2.5,7.06,208
43.1,11.3,3.9,15.41,208
41.9,9,1.7,14.05,208
30.8,25.5,1.4,73.32,208
31.3,22.7,3.8,60.42,208
34.9,6.4,3.9,17.23,208
23.1,7,3,35.54,208
31.9,1.3,3.2,14.22,208
27.3,-0.4,3.7,16.43,208
24.6,-6,4,12.68,208
41.3,6,3.8,11.84,209
44.6,4.9,3.9,9.2,209
33.6,26.3,2,65.89,209
28.6,21.5,1.8,65.53,209
32.3,4.8,2.6,17.79,209
24.6,1.6,2.2,22.19,209
28.2,9.2,0.6,30.42,209
27.2,2.3,1.1,20.06,209
23.3,-1.3,2.3,19.48,209
25.1,-12.2,0.7,7.58,210
40.8,9,2.5,14.88,210
45.8,2.4,3.6,7.28,210
32.6,25.5,0.8,66.31,210
34.5,19.2,1,40.55,210
33.1,7,2.7,19.82,210
31.1,2.7,3.3,16.45,210
28.5,-1.9,4.5,13.65,210
27.6,-2.3,0.3,14.06,210
23.3,-3.9,2.7,16.11,210
24.4,-4.8,2.4,14.04,210
25.1,-7,3.8,11.39,210
24.3,-3.2,2.4,15.89,210
20.8,-9.5,1.2,12.17,211
26,0.9,0.8,19.46,211
31.5,6.7,2.3,21.28,211
43.5,9.2,3.4,13.07,211
32,25.6,1,69.19,211
32.6,22.4,2.9,54.87,211
32.4,22.3,3.9,55.34,211
35.3,15,2.9,29.8,211
27.6,8.1,2.5,29.29,211
30.3,-2.5,2.2,11.8,211
28,-3.5,1.4,12.47,211
24.8,0.7,2.3,20.56,212
33.6,-0.6,1.4,11.23,212
28.6,3.9,1.3,20.71,212
39.1,4,5.7,11.56,212
40.1,12,4.2,18.89,212
42.2,12.5,1.4,17.41,212
27.2,-0.5,3.6,16.31,212
27.4,6.7,1.8,26.85,213
36.9,8.6,1.9,17.84,213
34.4,14.1,2.5,29.51,213
36.3,17.4,1.8,32.88,213
33.4,20.3,0.4,46.22,213
34.3,13.6,2.5,28.78,213
21.1,-9.8,1.1,11.64,214
18.8,-5,1.9,19.45,214
35.2,1.7,2.5,12.15,214
41.4,5.1,5.4,11.08,214
38.8,6,1.9,13.46,214
39.7,-4.3,1.8,6.14,214
45.3,5.1,3.9,9,214
46,11.2,3.6,13.14,214
31.3,26.1,4.1,73.78,214
28.4,25.4,2.1,83.61,214
29.3,24.7,3.7,76.09,214
34.4,19.7,0.6,42.15,214
30.4,5.1,0.8,20.21,214
27.3,-4.8,2.7,11.86,214
24.7,-5.1,2.3,13.45,214
23.9,-4.4,2.9,14.92,214
25.6,-8.3,2.1,10.01,214
29.8,-5.2,1,9.91,215
34.4,-0.2,1.6,11.06,215
37.2,2.2,2.8,11.26,215
37.7,3.5,2.4,12.04,215
40.1,-1.5,3,7.38,215
29.9,21.3,4.4,59.87,215
35.1,17,1.8,34.18,215
32,20.8,1.2,51.68,215
34.1,6.7,3.8,18.32,215
27.2,-3.2,3.6,13.44,215
27.5,-3.5,1.8,12.9,215
25.3,-6.6,3.8,11.58,215
27.5,0.9,1.1,17.78,216
22.3,-9.6,2.1,11,216
24.4,-6,3.9,12.86,216
28.4,10.9,2,33.69,216
31.1,-5.2,1,9.21,216
33.9,8.4,4.2,20.86,216
29,3.6,2.8,19.79,216
26.9,10.2,0.9,35.19,216
33.1,22.8,3.9,54.75,216
25.4,1.3,2.6,20.78,216
27.8,-2.7,3.3,13.48,216
29.6,-2.2,2,12.6,216
27.5,-3.2,2.3,13.16,216
25.5,3.6,3.6,24.18,216
22.6,-5.8,1.6,14.46,217
22,-7.9,1.3,12.82,217
19.9,-5.5,2,17.55,217
25.2,10.4,3.2,39.31,217
31.2,3.7,3,17.53,217
38.9,-3.5,4.4,6.78,217
36.5,-1.5,1.2,8.98,217
45.5,5.5,1.3,9.17,217
30.7,26.3,3,77.26,217
31.1,5.1,0.8,19.43,217
23.2,-4.5,3.5,15.44,217
34.5,17.8,2.7,37.11,218
38.3,19.2,3,32.9,218
34.7,5.8,3.7,16.65,218
29.9,0.5,4.7,15.02,218
24.2,-5.4,3.7,13.6,218
21.5,-2.8,0.7,19.41,219
25.5,-12.1,0.5,7.43,219
29.9,-5.4,1.5,9.74,219
33.9,8.6,4.4,21.06,219
35.6,-1.5,0.4,9.45,219
34.7,1.1,3,11.94,219
32.9,7.6,1,20.86,219
44.5,4.6,3.7,9.05,219
31.5,26.1,2.8,72.94,219
32.2,2,4.2,14.74,219
23.4,-1.1,3.2,19.7,219
26.5,-2.9,2.3,14.25,219
23.2,-9,2.1,10.89,220
26.4,-3.2,2,14.03,220
30.5,6.2,3,21.67,220
34.1,8.4,1.1,20.55,220
45.9,2.6,3.6,7.34,220
45.1,5.1,2.1,9.11,220
29.1,25.8,3.4,82.56,220
29.6,26.1,2.4,81.54,220
32.5,22,2.9,54.03,220
32.8,20.2,3.9,47.67,220
35.4,17.7,1.4,35.24,220
32.1,22.7,0.5,57.76,220
35.1,18.8,0.8,38.31,220
32.6,19.2,1.1,45.27,220
33.8,15.5,2.6,33.55,220
26.8,-3.5,0.7,13.38,220
25.6,2.3,4.5,21.92,221
22.2,5.2,1.6,33.04,221
25.8,-11.2,1.1,7.88,221
30.9,-5.2,0.8,9.29,221
27.9,4,2.2,21.7,221
39.6,9.6,4,16.54,221
41,15.7,1.5,22.82,221
34.2,25,2,58.72,221
32.1,26,0.8,70.16,221
36,17.6,1.7,33.78,221
32.2,20.8,0.3,51.17,221
33.2,20,1.7,46.05,221
34.1,19.1,0.8,41.35,221
35.3,6.9,3.8,17.46,221
35.5,4.4,3.4,14.44,221
29.6,-3.1,4.2,11.72,221
27.4,2.6,0.9,20.16,221
23.6,-6.6,1.2,12.85,221
30.8,-5.2,1.3,9.34,222
37.8,2.8,4.3,11.44,222
29.7,6.7,1.5,23.53,222
40.9,4.3,5.2,10.73,222
40.8,-2.5,3.8,6.61,222
40.2,7.1,3,13.55,222
43.2,3.1,3.4,8.72,222
45.2,3,3.6,7.84,222
33.8,26.4,1.9,65.35,222
31.6,26.1,1.1,72.6,222
34.6,21,3.2,45.1,222
33.9,20.5,1.4,45.54,222
25.4,0,1.8,18.87,222
29.8,4.2,1.4,19.72,222
27.7,-3.6,1.1,12.66,222
28.8,4.5,1.9,21.29,222
24.9,-4.3,3.7,14.2,222
20.7,-7.4,2.1,14.4,222
23.3,0.8,2.3,22.62,223
24.3,0.8,2.3,21.29,223
25.8,-1.8,2.8,16.12,223
20.2,-2.6,2.2,21.33,223
23.7,-11.7,0.3,8.6,223
24.4,-4,2.4,14.95,223
34.1,8.3,1,20.44,223
39.7,-1.2,3.1,7.71,223
37.1,9.9,2.5,19.37,223
45.1,5.3,3.9,9.25,223
36.1,14,4.5,26.79,223
31.3,20.1,0.5,51.35,223
23.5,-8.9,2.1,10.83,224
27.3,-6.9,2.3,10.07,224
32.9,10.2,3.8,24.8,224
37,6.7,3.9,15.68,224
38.2,-5.3,2.4,6.17,224
36.4,10.9,2.1,21.43,224
45.7,2.8,3.6,7.53,224
39,22.2,1.2,38.17,224
32.3,25.3,1.3,66.54,224
34.5,20.9,3.1,45.2,224
34.3,12,1.2,25.99,224
27.3,-3.6,1,12.94,224
25.5,-6.4,3.3,11.61,225
21.2,-4,0.9,18.13,225
26.2,3.2,2.3,22.65,225
24,6.2,1.6,31.89,225
31.1,6.8,1.3,21.89,225
31.3,25.4,1.1,71.08,225
34,20.4,1.5,45.08,225
33.1,8.9,3.8,22.48,225
28.2,2.4,3.4,19,225
28.9,-2.4,4.3,12.88,225
24.1,-3.9,4.1,15.28,225
24.6,-1.6,2.7,17.63,226
25.1,-12,0.4,7.69,226
23.8,-5.1,3.7,14.28,226
23.7,-6.2,2.1,13.14,226
23.6,-5.6,1.9,13.82,226
30.6,5,2.1,19.84,226
36.2,-1.5,0.5,9.12,226
40,-2.5,4.4,6.9,226
39.5,12.7,0.1,20.37,226
44.5,5.7,4,9.79,226
44.3,10.4,3.6,13.58,226
42.5,15.8,4.7,21.34,226
35.4,16.4,3.4,32.44,226
34.7,18.3,1,37.95,226
32.5,7.8,3.9,21.65,226
22.9,-3.4,3,17.1,226
24.2,-8.2,2.4,10.95,226
25.4,-4.2,1.7,13.82,227
21.9,-9.3,2,11.55,227
22.6,-4.3,3.9,16.29,227
33.8,8.1,1.8,20.49,227
30.8,6.7,4.1,22.06,227
38.6,2,2.2,10.35,227
40.2,-0.6,4.6,7.85,227
42.4,-4.3,4.7,5.32,227
32.8,23.5,3.5,58.3,227
36.6,18.7,0.3,35.1,227
30.8,2.4,1.5,16.36,227
29.7,-1.2,1.2,13.46,227
26.9,-4.3,2.5,12.55,227
22.2,-4.9,1.2,15.9,228
39.1,6.4,2.4,13.64,228
37.8,8.6,2.2,17,228
40.3,11.5,3.5,18.03,228
43.4,12.9,1.7,16.85,228
29.8,26.8,2.2,84.16,228
31.9,25.9,1.3,70.6,228
31.6,19.5,0.9,48.69,228
36,18.9,1.3,36.72,228
36.1,19.4,1.2,37.67,228
33.6,4.5,2.8,16.21,228
27.1,-1.4,2.5,15.38,228
25.9,-3.9,2.4,13.75,228
26.1,-4.9,1.8,12.56,228
25.1,-8.2,2.2,10.35,228
24.8,-0.2,0.5,19.22,229
24.9,4.5,2.2,26.75,229
32.7,9.2,2.2,23.58,229
43.9,4.4,3,9.2,229
45.7,6.7,1.4,9.88,229
35.7,25,2,54.02,229
32,26.6,1,73.16,229
33.7,20.6,3.5,46.47,229
32.5,19.1,0.4,45.19,229
31.9,5.6,3.2,19.18,229
28.6,3.5,1.9,20.1,229
27.1,-1.9,0.5,14.82,229
19.2,0.4,2.1,28.41,230
39,-7.2,4.4,5.1,230
38.4,13.2,1.7,22.32,230
40.5,7.7,3.7,13.9,230
32.7,19.3,3.3,45.34,230
31.5,26.3,1.3,74.02,230
32.4,22.9,4.5,57.53,230
34.4,20.9,3.3,45.29,230
35.1,18.3,0.9,37.13,230
21.2,-0.9,0.7,22.77,230
25.6,-1.6,0.7,16.57,230
24.5,-0.5,1.7,19.23,230
24.8,-6.1,3.6,12.4,230
23.1,-5.6,1.6,14.24,230
26.3,2,1.7,20.58,231
24,2.6,0.7,24.72,231
25.1,-0.4,1,18.7,231
34.2,4.6,1.7,15.8,231
39.1,2.8,4.3,10.63,231
39.6,3,2.3,10.5,231
39.3,3.4,2.4,10.95,231
35.9,6.6,4,16.46,231
32,23.5,3.7,60.97,231
35,19.8,1.9,41.03,231
34.8,20.7,0.8,43.94,231
30.3,-4.7,1.5,10.02,231
28.1,-1.6,4.6,14.34,231
23.6,-5.6,3.7,13.86,231
26.1,2.6,1.1,21.75,232
25.5,-1.8,2.8,16.48,232
26.5,-1.9,3.7,15.4,232
31.7,6.8,1.6,21.09,232
39.9,5.2,3.2,12.07,232
42.8,11,5.7,15.29,232
37.2,18.7,2,33.88,232
44,11,1.1,14.44,232
39.6,10.7,2.4,17.76,232
39.7,21.9,1.2,36.16,232
34.3,24.2,3.2,55.86,232
29.8,26.6,1.2,83.15,232
29.2,-2.5,2.3,12.53,232
18.1,-3.9,1.9,22.06,232
19.8,-1.9,0.6,23.08,233
22.3,-8.6,1.8,11.88,233
25.8,3.9,2.2,24.29,233
24.8,-5.9,1.7,12.57,233
33.7,6.8,2.7,18.84,233
45.1,4.9,3.8,9.01,233
31.6,25.6,3.4,70.66,233
29.7,27,2.7,85.34,233
32.8,22.5,3,54.6,233
31.5,22.6,4.1,59.38,233
36.2,19.2,0.8,37.04,233
35,6.4,3.1,17.05,233
29.7,0.2,3.4,14.92,233
21.8,-2.6,0.8,19.44,234
23.2,-8.7,2,11.18,234
24.3,-1.3,1.6,18.34,234
20.6,-5.5,1.7,16.8,234
31,7,3.5,22.32,234
41.7,9.4,3.7,14.58,234
39.5,22,1.2,36.81,234
31.4,26.7,1.6,76.38,234
28.2,25.7,1.2,86.4,234
33.1,23,4.2,55.56,234
32.2,22.7,3.5,57.34,234
32.1,21.7,1.6,54.08,234
34.6,18.6,1.4,39.02,234
34.7,6.4,4,17.44,234
29.8,-3.5,0.8,11.28,234
30.1,-1.6,1.2,12.73,234
18.1,-2.6,2.4,24.41,235
39.3,2.5,2.2,10.32,235
40.2,5.8,2.1,12.32,235
42.1,15.1,2.1,20.84,235
28.3,26.5,2.1,89.73,235
31.2,21.7,4,57.11,235
33.3,18.3,1,40.95,235
26,3.4,1.5,23.18,235
29,7.2,2.7,25.34,236
28.8,2.9,2.2,18.97,236
40,3.1,4.6,10.33,236
44.4,3.1,3.6,8.22,236
44.9,4.9,1.5,9.06,236
32.5,16.3,1.1,37.95,236
30.6,24.8,0.7,71.33,236
35.7,17,1.2,33.16,236
35.9,19.8,1.1,39.03,236
21.3,6,1.3,36.91,236
28.4,0.6,3,16.49,236
26.7,-3,3.6,14.03,236
17.6,-1.4,3,27.5,236
24.9,-4.8,1.6,13.58,237
36.3,8.5,2.3,18.39,237
31.6,5.3,4.2,19.14,237
44.5,8,2.2,11.49,237
45.3,7.4,1.8,10.55,237
31.2,26.7,1.4,77.12,237
33.2,26.3,2.3,67.08,237
32.5,20.6,0.8,49.53,237
35.4,4.4,3.4,14.5,237
30.8,-2.1,2.3,11.8,237
26.7,3.6,1.2,22.54,237
27,-1.2,4.7,15.69,237
26.8,-3,2.5,13.89,237
24.9,-4.9,1.7,13.51,237
22.3,-8.4,2.5,12.1,237
28.4,4.9,0.8,22.4,238
39.9,-4.8,2.7,5.85,238
38.9,13.2,1.2,21.78,238
35.2,22.7,1.4,48.39,238
32.9,23.1,4.4,56.52,238
34.1,6.1,2.8,17.6,238
28,2,2.6,18.64,238
22.6,-2.3,1.4,18.84,238
27.6,3.7,1.3,21.52,238
28.6,4.2,1.7,21.14,238
24,-8.4,3.6,10.9,239
22.9,-2.1,0.1,18.81,239
20.9,-1.9,1.1,21.48,239
26.7,-2.6,2.1,14.44,239
41.2,5.7,2.4,11.62,239
42.5,-2.3,4.1,6.12,239
39.6,11,2.7,18.21,239
36.8,17.5,1.9,32.19,239
30.3,25.6,2.2,76.14,239
32.6,22.6,3.2,55.74,239
32.6,22.8,2.9,56.56,239
23.6,3.5,0.3,27.04,239
31.1,2.2,1.9,15.88,239
22.9,-5.3,2.2,14.84,240
25,-7.4,3.4,11.1,240
21,-0.9,2.4,23.11,240
36.3,8.1,5.1,17.83,240
43.3,7.9,2.8,12.14,240
44.6,2.2,4.9,7.64,240
27.7,25.5,4.8,87.61,240
25.7,-3,3.6,14.88,240
25.7,-4.9,1.8,12.93,240
26.8,-2.8,2.4,14.11,241
25.7,-5,2.4,12.83,241
31.9,2.4,1.6,15.33,241
38.1,7.4,3,15.42,241
36.2,4.8,2.6,14.28,241
34.3,10.8,3.7,23.98,241
40.1,13.1,1.2,20.25,241
39.6,14.1,4.5,22.25,241
36.3,21.8,0.8,43.1,241
29.5,25.4,1.8,78.89,241
29.6,25.2,2.7,77.28,241
28.8,-2.1,1.8,13.23,241
20.9,0.1,1.9,24.92,242
19.2,-8.9,1.9,14.13,242
26.2,-4.2,2.2,13.17,242
33.4,7.1,3.7,19.56,242
43.5,11.4,1.5,15.16,242
33.7,19.4,1,43.05,242
34.3,6,2.7,17.23,242
31.5,2.7,1.8,16.03,242
27,3.8,3.6,22.48,242
33,-4.2,2.4,8.94,243
32.5,6.5,2.6,19.86,243
37.9,2.6,2.6,11.14,243
36.2,7.6,3.3,17.38,243
45.8,6.1,1.3,9.39,243
44,8,2.3,11.75,243
30.4,25.9,1.1,76.79,243
29.8,24.7,1.7,74.22,243
29.9,26.1,3.7,80.24,243
35.5,16.8,1.1,33.04,243
34.7,4.4,3.3,15.09,243
24.3,2.1,1.1,23.39,243
29.7,-2,0.5,12.67,243
23.9,0.6,1.1,21.62,244
21.5,-2.2,1,20.27,244
21.2,-11.6,0.3,10.06,244
39.8,0.5,2.5,8.65,244
40.3,-5.9,3.6,5.26,244
40,6.5,3.7,13.14,244
30.5,26.4,0.6,78.69,244
29.9,26.7,1.3,82.92,244
28.8,25.2,2,80.78,244
34,21.9,1.7,49.25,244
34,19.4,0.8,42.39,244
35.1,19,0.8,38.92,244
36.1,12.1,1.6,23.61,244
23.9,3.5,1.7,26.42,244
22.6,-2.2,1.8,19.07,244
23.8,-5.1,2.7,14.19,245
36,8.7,2.8,18.9,245
44.5,13.4,4.4,16.4,245
29.3,25.3,0.9,79.25,245
28.4,25.2,2.8,82.84,245
33.9,21.3,1.4,47.87,245
34.7,20,1.9,42.36,245
35,20.4,1.4,42.59,245
35.2,6.9,3.2,17.44,245
34.3,6.9,3.3,18.46,245
34.4,6.2,3.8,17.49,245
24.7,0.1,1.1,19.84,246
26,5.4,0.2,26.63,246
25.2,6.1,2.9,29.44,246
26.1,-7.2,2,10.6,246
27.4,-7,2.3,9.93,246
26.7,-3.7,2.2,13.33,246
33.2,-4.7,2.2,8.5,246
41.6,4.7,5.4,10.61,246
36.4,21.1,3.1,41.03,246
38.1,20.4,1.6,35.82,246
29.7,26.6,2.4,83.67,246
29.4,25.4,2.1,78.97,246
29,25,3.7,78.83,246
34.5,5.7,2.8,16.69,246
29.8,-2,1.4,12.56,246
19.7,-6.1,1,16.95,247
20.6,-5,1.7,17.39,247
33.9,25.4,0.7,61.44,247
30.3,25.1,1.9,73.66,247
28.6,26.3,2,87.15,247
35.5,19.8,0.9,39.83,247
34.6,17.5,1.4,36.41,247
24.1,-6.5,1.5,12.52,247
25.2,-2.3,1.8,16.13,248
25.2,-4.6,2,13.61,248
32.6,6.5,2,19.72,248
40.5,12.5,2,19.08,248
39.9,5.9,2.9,12.64,248
46.8,10.1,2.8,11.71,248
43.8,13,2.5,16.62,248
32.4,25.6,1.4,67.44,248
32.8,24.8,0.6,62.95,248
28.4,26.6,2.8,90.22,248
32.4,22.5,2.4,55.86,248
24.5,-3.1,1.8,15.83,248
24.1,-4.7,2.5,14.4,249
20.4,-4.8,1.6,17.85,249
37.4,8.2,2.4,16.9,249
41.1,-1.7,3.5,6.91,249
41.3,9.7,4,15.21,249
41,14.1,3.7,20.66,249
41.1,11.6,1,17.39,249
37.9,20.5,5.4,36.54,249
39.9,20.2,2.2,32.26,249
31.1,25.9,1.5,73.82,249
29.3,26.1,2.9,82.89,249
34.6,19.5,1.2,41.07,249
34.7,19.3,0.8,40.37,249
36.5,12.3,2.3,23.45,249
30,-4.7,1.5,10.19,249
27.6,-3.8,1.3,12.5,249
26,-3.3,1.9,14.3,250
38,7.8,2.7,15.95,250
42.3,-2.6,2.2,6.07,250
45.7,5.6,0.8,9.15,250
36.8,19.2,2.5,35.75,250
38.8,21.5,2.2,37.01,250
38.4,20.6,3,35.86,250
37.5,20,1,36.26,250
42.1,16.1,2.8,22.11,250
34.8,25.6,2.6,59.07,250
34.3,20.3,2.6,43.87,250
33.7,21.1,1.5,47.73,250
34,19.8,1.5,43.5,250
32.9,16.8,0.3,38.19,250
36.2,12,2.5,23.29,250
21.1,0.4,1.9,25.15,250
25.5,-1,1.7,17.45,251
26.3,-1.9,2,15.61,251
42.7,9.5,1.6,13.96,251
38.9,20.6,1.5,34.77,251
30.7,26.5,1.7,78.24,251
29.8,26.2,2,80.83,251
31.3,26.1,3.1,74.17,251
31.3,26.3,2.1,74.76,251
33.6,1.2,3.6,12.84,251
27.8,-2.3,3.3,13.83,251
26.6,3.9,3.8,23.28,251
27,-7.1,2.2,10.09,252
24.6,2.9,2.6,24.35,252
30.5,-5.2,0.9,9.51,252
37.8,7,3.5,15.26,252
41.8,5.6,2.6,11.2,252
39.6,16.2,3,25.49,252
38.6,22.2,2.1,39.03,252
35.9,23.8,1.4,49.93,252
39,22.1,1.8,37.92,252
40.8,21.5,2.3,33.32,252
36,22.6,1.3,46.22,252
39.6,21,1.1,34.46,252
35.4,23.5,3.3,50.46,252
35.3,23.9,2.5,51.77,252
33.4,25.1,1.3,61.82,252
33.1,24.4,1.2,60.27,252
34.1,24.9,2,58.92,252
31.2,26.1,2.3,74.34,252
29,-4.7,1.6,10.82,252
28.7,-2.3,2.4,13.09,252
27.1,-1.8,2,14.94,252
32.4,-5.4,1.5,8.46,253
39.7,-7.1,4.2,4.94,253
41.6,9,3.4,14.31,253
40.9,15.1,4.4,22.16,253
37.9,24.3,2.1,46.15,253
34,23.4,0.4,54.05,253
33.4,24.1,2.2,58.23,253
38.4,22.9,2.9,41.18,253
38.8,22.4,1.1,39.09,253
39,19.7,0.5,32.81,253
38.1,21.4,1,38.29,253
36.8,23,1.3,45.18,253
32.8,25.9,4.2,67.27,253
27.5,24.6,1.7,84.01,253
31.4,24.9,3.8,68.68,253
34.1,21.7,2.7,48.43,253
36.4,17.3,1.2,32.42,253
34.9,2.3,2.9,12.87,253
30.7,-2.1,4.5,11.85,253
28.1,0.8,3,17.01,253
24.2,-4.8,2.6,14.23,254
21.5,-11.6,2.1,9.86,254
27,-2.8,2.9,13.94,254
26.2,-3.9,2.1,13.49,254
27.3,1.5,1.6,18.84,254
38.1,19.1,1.4,33.04,254
42.9,15.9,4.3,20.98,254
30.1,-3.8,1,10.86,254
20.4,-2.8,2.2,20.82,255
26.3,3.6,3.7,23.2,255
36,-0.8,1.3,9.74,255
39.2,5.9,4.2,13.13,255
44.6,-0.4,2.6,6.31,255
40.5,9.9,4.2,16.06,255
38.1,10.1,2.8,18.57,255
38.6,13.6,4.9,22.71,255
43.9,11.2,3.7,14.64,255
40.1,9.8,2.8,16.37,255
32.7,25.7,3.4,66.88,255
28.8,25.5,1.7,82.5,255
28.9,25.9,1.3,83.87,255
34.4,19.7,1.4,42.06,255
34.6,6.8,4.2,17.96,255
27.3,0.9,3,18.06,255
27.7,-2.1,2.4,14.1,255
27,3.8,3.7,22.57,255
26.7,-11.4,1,7.35,256
36.9,15.7,2.8,28.58,256
35.5,14.8,2.8,29.17,256
28.6,25.5,2.3,83.17,256
28.6,25.2,0.7,81.72,256
34.6,6.3,2.6,17.4,256
30.9,6.7,2.3,22.04,257
39.5,10.9,1.5,18.18,257
44.4,9.3,3.1,12.58,257
44.9,6.1,4.4,9.85,257
27.8,25.6,3.4,87.76,257
28.1,24.5,0.2,80.79,257
23,4.9,0.5,30.89,257
26.6,2.5,0.8,21.08,258
39.9,4.8,5.2,11.72,258
42,5.5,2.8,10.99,258
39.6,13,1.9,20.73,258
31.5,24.7,0.7,67.3,258
29.5,25.8,2.2,80.54,258
33.1,22.5,2.8,53.87,258
34.5,19.3,1,40.84,258
34.2,7.8,3.6,19.72,258
35,7.3,3.4,18.23,258
31.2,3.1,1.8,16.83,258
29.7,24.7,0.7,74.75,259
32.9,22.1,3.2,53.08,259
33.7,20.7,0.2,46.62,259
35.6,17.3,1.6,34.04,259
30.5,3.3,1.9,17.8,259
21.3,-2.1,0.5,20.71,259
25.9,2.5,0.7,21.94,260
28.5,26.6,0.8,89.68,260
31.8,26,2.8,71.31,260
35.5,17.3,1,34.07,260
32.9,19.5,0.9,45.2,260
33.8,17.3,1.3,37.49,260
33.9,4.5,2.8,15.95,260
34,7.1,4.5,18.99,260
33.5,9.3,3.9,22.66,260
26.3,-3.8,1.9,13.53,260
20.6,-8.6,3.1,13.27,261
31.7,11.7,1.9,29.32,261
45.4,4,4.5,8.29,261
31.7,25.7,3.7,70.57,261
33.2,21.8,1.7,51.29,261
34.3,18.5,1.2,39.28,261
35.6,20.2,1.1,40.69,261
34,5,2.9,16.46,261
34.4,5.3,2.8,16.37,261
22.2,2.3,1.3,26.99,261
29.5,1.9,3.2,16.98,261
29.4,-1.3,3.3,13.53,261
27.4,-1.7,2.4,14.82,261
24,-4.1,2.9,15.13,261
25.7,-2.8,3.8,15.09,262
31.4,6.5,2.9,21.11,262
26.3,5.3,2.2,25.97,262
36.2,17.3,1.1,32.84,262
31.3,20,1.5,51.28,262
31.8,19.2,1.2,47.16,262
34.4,2.3,2.9,13.31,262
30.8,3.1,2.1,17.25,262
22,3.7,2,30.17,262
29.4,-1.9,0.5,12.98,262
23.7,-2.8,1.1,17.06,262
21.8,-11.1,2.1,10.07,263
24.6,-5.5,1.5,13.19,263
20.4,-4.2,1.9,18.76,263
26.3,-12.1,0.8,7.09,263
44.5,4.4,2.9,8.97,263
40.2,15.3,4.2,23.21,263
28,26,3,88.65,263
27.5,25.2,3.8,87.1,263
36.4,12.5,2.3,23.79,263
32.2,12.1,2.5,29.33,263
28.4,2.4,2.4,18.79,263
27.3,-4,1.6,12.59,263
28.4,6.1,1.7,24.42,264
34,7.8,1.2,19.93,264
34.5,7.4,2.6,18.88,264
40,-7.3,4,4.8,264
42.6,7.6,4,12.28,264
40,16.9,4,26.07,264
32.1,25.2,1.4,67.19,264
30.3,25.9,2.1,77.4,264
32.5,18.1,0.9,42.31,264
27.5,6.9,3.2,27.08,264
33.4,1.8,3.4,13.51,264
28.6,-1.8,0.7,13.68,264
22.4,-8.6,2.1,11.88,265
28.2,6.6,1.7,25.49,265
26.6,-2.9,3.4,14.18,265
30,6.7,2.4,23.16,265
41.7,12.2,3.4,17.59,265
34.5,11,4.6,24.03,265
43.8,8.4,2.7,12.21,265
45.3,5.1,4.4,8.99,265
41,10.5,1.4,16.28,265
40.4,12.9,2.1,19.72,265
30.9,25.9,0.4,74.77,265
35.4,20.2,1.8,41.01,265
31.3,17.1,0.8,42.51,265
35.9,12.7,2.2,24.88,265
33.5,4.2,3.7,15.97,265
24.6,3.4,2.5,25.2,266
39.2,14.4,4.2,23.18,266
31.9,24.6,2.8,65.36,266
37.1,18.9,0.6,34.62,266
34,20.7,0.9,45.74,266
26.1,1.5,2.5,20.2,267
26.9,0.5,1.5,17.85,267
33.6,10.5,2.2,24.38,267
41.9,9.7,2.4,14.7,267
45.1,10.1,3.1,12.78,267
34.8,23.2,0.7,50.96,267
34.1,22.9,1,52.1,267
30.6,25.6,2.1,74.57,267
35.2,13.6,2.5,27.46,267
33.9,4.9,2.6,16.44,267
34.6,7.2,3.4,18.41,267
33.1,0.7,3.7,12.74,267
29.4,4.6,2.9,20.65,267
30.1,4.1,1.3,19.19,267
23.4,-6.6,1.8,12.98,267
28.9,6.9,3.8,24.94,268
37.9,4,1.8,12.37,268
36.1,14.9,3.1,28.28,268
34.7,2.3,3,13.04,268
28.9,-3.5,1.4,11.83,268
29.8,-3.7,1.2,11.07,268
24.2,-6.6,1.3,12.42,268
27.6,0.7,1,17.4,269
30,-5.2,0.9,9.79,269
44.2,-2.7,2.4,5.45,269
33.1,12.3,3.6,28.26,269
35.9,23,1.5,47.55,269
33.3,18.9,1.3,42.67,269
34.2,2.4,3.2,13.49,269
21.8,3.6,1.3,30.23,269
26.6,-0.2,1.2,17.35,270
26.6,2.5,0.6,21.03,270
30.7,-5.2,0.9,9.4,270
31.4,7.3,0.2,22.3,270
41.1,1,2.8,8.38,270
45.1,3.1,4.6,7.89,270
47.1,9.8,1.7,11.29,270
41.3,17.1,1.1,24.62,270
35.1,23.4,2.7,50.87,270
37.2,24.5,3.1,48.38,270
33.9,4.1,3.9,15.51,270
32.6,2.2,3.4,14.6,270
32,0.2,1.1,13.06,270
27.4,-1,0.8,15.56,270
33,8.5,3.4,22.07,271
30.5,7.6,3.2,23.94,271
37.1,7.7,4.9,16.64,271
40.9,13.8,2.9,20.34,271
34.9,14,3.9,28.59,271
39.8,13.2,1.6,20.69,271
42.7,10.3,2.2,14.7,271
41.1,12.3,1.7,18.24,271
32.5,22.7,1.1,56.52,271
29.6,25.2,1,77.49,271
34.5,6.7,2.6,17.93,271
21.2,0.1,2.5,24.49,271
22,-9.9,2,10.98,272
23.5,-2.2,4,17.99,272
31.9,6.9,2.8,21.1,272
36.8,14.9,3.3,27.3,272
35.2,11.1,2,23.22,272
34.8,13.5,2.5,27.8,272
42.1,6.2,4.1,11.5,272
43.2,8.6,2.7,12.76,272
42.1,13.3,5,18.55,272
35.3,24,2.7,52.27,272
33.7,24.7,2.1,59.37,272
34,24.5,4.2,57.91,272
35.1,19,1.4,38.8,272
25.6,-2.1,1.7,16.04,272
26.6,-1.9,1.9,15.31,272
20.5,-10.1,2.1,11.84,273
29.9,8.8,2.6,26.92,273
28.8,6.9,2,25.06,273
28.4,-1.1,3.2,14.55,273
41.5,13.1,3,18.85,273
43.8,9.1,2.5,12.77,273
45.6,11,1,13.28,273
36.1,12.4,3.2,24.03,273
41.2,15.3,4.3,22.1,273
43.4,16,4.4,20.62,273
38.2,18.7,2.4,32.19,273
33.2,24.8,2.4,61.52,273
34.8,23.9,2.6,53.37,273
38,21.8,0.2,39.28,273
34,6.9,2.6,18.64,273
30.2,-1.4,4.7,12.88,273
24.7,2.8,1.4,24.1,274
24.8,-5,1.5,13.51,274
26.5,2.5,3.8,21.17,274
36.4,11.3,1.4,22.04,274
37.6,11.3,2.1,20.68,274
39.5,21.4,2.1,35.38,274
37,21.4,1.9,40.52,274
35.1,18.5,0.8,37.74,274
31,2.3,1.2,16.07,274
31.1,-2.1,2.3,11.63,274
29,3.6,1.8,19.74,274
27,-1.8,3.4,15.01,274
24,-5.7,1.8,13.47,275
24.5,-0.3,0.4,19.43,275
27,-11.6,1,7.11,275
25.3,-5.7,1.8,12.45,275
39.6,3.7,2.5,11.03,275
34.9,21.5,2.2,45.77,275
37.9,18.2,2.6,31.64,275
26.3,5.2,1.9,25.9,275
21.4,-10.6,2.2,10.75,276
26.3,8.5,2.7,32.36,276
43.5,9.8,2.4,13.6,276
47,10,1.1,11.53,276
35.4,22.9,2.1,48.63,276
35.6,21.8,1.8,44.81,276
35.5,18.6,1,37.07,276
35.9,20.3,1.7,40.2,276
36.3,12.1,1.3,23.41,276
33.3,9.5,3.9,23.27,276
33.2,4.5,3,16.51,276
27.4,2.7,0.9,20.41,276
20.4,-0.7,3.5,24.26,276
26.1,1.8,2,20.59,277
25.9,3.2,4,22.98,277
26.9,-11.8,1,7.02,277
30.6,-5.2,0.8,9.45,277
40.1,9.4,2,15.93,277
46.5,10.5,1,12.2,277
38.4,18.1,1.1,30.7,277
36.9,18.2,2.1,33.38,277
37.8,21.1,2.7,38.11,277
37.2,20.6,1.8,38.22,277
33.1,23,3.1,55.35,277
33.6,4.5,2.9,16.2,277
28.5,-0.6,0.6,15.04,277
31,9.7,1.7,26.74,278
43.5,6.6,4,10.95,278
39.9,-7.6,3.7,4.71,278
36.3,19.9,2.4,38.39,278
33,22.4,2.7,53.92,278
36.3,17,1.2,32.05,278
32.7,9.7,4,24.36,278
29,-0.6,4.8,14.64,278
25.7,-1.5,3.4,16.61,278
27.5,0.3,1.1,17.03,279
24.8,-2.4,1.7,16.45,279
31.9,3.7,2.1,16.89,279
41.6,4.5,3.2,10.46,279
35.4,18.7,3.2,37.56,279
34.5,18.9,1.9,39.79,279
35.5,20.5,1.7,41.56,279
32.2,-0.6,2.8,12.16,279
30.8,2.2,1.8,16.14,279
23.3,-5.6,1.6,14.08,279
24.1,-0.7,0.4,19.38,280
20.6,-0.4,2.3,24.56,280
33.3,2.4,1.6,14.18,280
41.5,11.2,3.6,16.63,280
39.3,-8,3.5,4.73,280
40.9,-4.5,1.8,5.65,280
43.6,-3.3,5,5.38,280
41,12.8,1.6,18.96,280
35.3,20.6,3,42.47,280
32.1,20.2,1.8,49.48,280
35.5,13.6,2.4,26.93,280
25.7,-2.1,2.1,15.86,280
21.2,2.1,3.2,28.28,281
26.6,-2,3.7,15.21,281
27.1,-0.1,1.7,16.98,281
43.1,9.9,1.6,14.05,281
33.7,26,4.1,64.37,281
30.4,26.6,2.3,80.42,281
32.8,25.2,3.7,64.38,281
34.4,19.1,0.4,40.61,281
28.7,0.8,1.1,16.51,281
27.7,3.2,1.9,20.67,281
28.3,2.8,2.1,19.51,281
26.9,-1.9,2.2,14.99,281
41.7,5.3,3,11,282
43.4,6,4.1,10.58,282
42.5,12.4,0.8,17.05,282
43.9,10.8,5.4,14.3,282
44.7,11,0.8,13.9,282
41,16.2,2.8,23.59,282
31.2,25.1,2.1,69.96,282
30.5,23.6,1.7,66.54,282
35.2,19.2,1.4,39.1,282
23.8,-3.8,2.9,15.68,282
34.2,4.9,1.3,16.09,283
40.9,4.5,5.1,10.86,283
44.7,4.4,2.8,8.88,283
46.1,5.7,1.2,9.02,283
34.7,21.9,2.9,47.44,283
29.3,3.2,1.4,18.94,283
31.1,7.3,2.4,22.64,284
43.4,7.5,4.2,11.73,284
45.4,-1.1,2.6,5.76,284
43.9,6.9,4.2,11,284
33,1.9,4.6,13.9,284
30,0.7,4.7,15.22,284
21.6,-5.4,2.2,15.95,284
21.2,-0.8,2.4,22.99,285
25.8,-0.9,1.8,17.26,285
32.4,3.7,2.5,16.33,285
35.4,-0.3,1.5,10.41,285
35.6,-1.2,0.6,9.62,285
33.9,5,3.9,16.51,285
41.6,10.2,2,15.48,285
42.6,11.4,0.3,15.87,285
33,4.5,2.9,16.72,285
21.7,-0.3,2.1,23.13,286
19.4,-2.8,2.1,22.06,286
22,-6.5,1.6,14.31,286
44.1,7,4.1,10.95,286
37.7,19,2.2,33.56,286
42,10.4,0.9,15.35,286
39,11.2,3.1,18.97,286
35.7,19.9,0.8,39.66,286
34.4,7.5,3.6,19.03,286
29.9,3.8,1.3,19,286
31.7,7.2,2.6,21.73,287
37.5,7,4.8,15.57,287
46.2,5.6,1.7,8.93,287
45.6,4.8,1.4,8.66,287
31.2,25.3,2.2,70.97,287
33,22.2,3.3,53.22,287
34.5,19.5,1,41.38,287
33.7,20.9,1,47.33,287
34.7,13.1,2.3,27.22,287
33.8,7.6,3.8,19.89,287
26.7,-2.3,0.8,14.78,288
28,9.2,3.3,30.78,288
31.3,6.9,3.7,21.79,288
38.3,19.1,2.5,32.7,288
35,19.4,1.2,39.99,288
36.2,15.2,3.1,28.72,288
26,3.1,1.3,22.8,288
23.7,4.4,1.5,28.56,289
31.5,0.9,1.2,14.17,289
40.9,4.8,4.8,11.1,289
41,11.7,3.3,17.64,289
39.6,18.8,4.7,30,289
31.8,25.3,1.5,68.56,289
34.6,16.7,0.6,34.55,289
35,19.1,0.8,39.21,289
36,19,1.2,36.88,289
21.1,-0.3,3,23.97,289
24.9,3.3,2.3,24.54,290
39.2,-0.4,1.5,8.42,290
38.7,10.4,3,18.27,290
44.8,9.4,2.7,12.4,290
42.4,15.8,4.3,21.36,290
32.2,24.9,1.1,65.47,290
25.2,3.5,2.2,24.5,291
26.4,-0.6,1.5,17.08,291
34.6,0.3,3.6,11.34,291
41.3,-2.8,4.7,6.3,291
40.6,20.3,2.3,31.16,291
32.8,22.5,2.9,54.69,291
32.8,22.5,2.6,54.79,291
27,2.9,1,21.18,291
20.6,-5.6,1.2,16.63,292
38,-0.7,1.8,8.79,292
40.8,10.2,3.6,16.16,292
40.3,4.5,5.3,11.22,292
32.4,22.4,3.1,55.75,292
34.8,20.5,1.6,43.34,292
35.3,20.5,1.7,42.13,292
36,12.2,1.3,23.96,292
30.7,2.2,1,16.21,292
24.3,-0.5,0.4,19.5,293
20.9,-9,2,12.56,293
41.8,13.5,3.2,18.99,293
42.4,11.9,1.9,16.61,293
32.2,20.1,1.7,48.8,293
31.6,4.4,4.5,18.02,293
33.8,4.2,4.1,15.7,293
25.1,4.8,3.7,27.1,294
36.9,17.1,3.2,31.13,294
44.3,11,3.3,14.18,294
33.2,19.2,1,43.6,294
35.7,19.1,1,37.69,294
35.3,12.1,1.2,24.68,294
29.7,1.9,0.8,16.86,294
28.3,3.8,1.5,20.8,294
28.9,3.7,1.7,19.98,294
22.8,-5.5,1.9,14.61,294
22.8,-8.3,2.1,11.81,295
24.4,-6.2,2,12.65,295
42.9,4.3,3.1,9.64,295
39.9,18.6,3.1,29.25,295
32.2,19.3,3.6,46.4,295
30.7,-1.8,2.7,12.14,295
39.4,4.2,3.5,11.56,296
41.4,-0.1,4.6,7.65,296
44.4,4.4,2.9,8.97,296
38.1,18.4,1.6,31.69,296
39.1,20.6,1.6,34.44,296
34.4,21.6,3.1,47.38,296
21.7,-1.2,2.3,21.64,297
23.6,-6.8,1.4,12.68,297
38.6,0.1,1.5,9.01,297
41,13.1,1.2,19.34,297
33.8,25.1,2.6,60.42,297
29.5,3,0.7,18.44,297
25.2,3.4,1.8,24.29,298
21.8,-8.2,1.8,12.64,298
24.8,-5.7,1.5,12.77,298
25.3,-2.8,3.1,15.44,298
42.7,6.3,4.1,11.21,298
41.1,5.1,3.2,11.25,298
46.1,5.4,2.3,8.83,298
30.1,22.5,4.4,63.86,298
29.7,-1.5,3.2,13.17,298
26.2,1.6,2.2,20.25,299
24.6,3.7,1.8,25.84,299
39.1,-0.2,1.7,8.59,299
40.4,7.7,3.6,13.97,299
38.8,4.1,2.4,11.83,299
43.8,4.3,3,9.22,299
45.4,5,3,8.93,299
45.1,11.1,0.4,13.73,299
40,20.9,7.1,33.35,299
36.2,16.8,1.2,31.8,299
25.7,4.1,3.8,24.77,300
21.4,-0.6,2.1,22.99,300
26.2,6,3.1,27.59,300
34.8,7.6,1.2,18.8,300
41.6,13.5,4.2,19.26,300
44.8,8.1,2.1,11.39,300
30.1,23.2,3.8,66.59,300
32.1,22.1,3.6,55.45,300
32.7,22.2,3.4,54.15,300
34.2,5,2.6,16.23,300
28.1,2.3,0.4,18.92,300
20.8,-5.3,1.5,16.84,301
26.2,-2.3,3.5,15.19,301
26.6,-3.8,2.3,13.31,301
27.9,1.2,1.8,17.77,301
27.8,2,2.7,18.94,301
40.8,11.2,1.5,17.26,301
37.2,9.5,4.5,18.69,301
39.6,13.5,1.1,21.47,301
43.3,9.7,2,13.7,301
33.9,26,2.6,63.55,301
28.2,4.7,2.1,22.42,302
37.5,6.3,4.5,14.81,302
35.2,-4.1,0.9,7.97,302
39.7,22.8,2.2,38.11,302
39.4,21.8,1.2,36.41,302
33.6,25.5,4,62.7,302
31.9,25.3,1.3,68.02,302
34.7,21.8,2.9,47.04,302
44.5,13.4,2.5,16.42,303
30.5,25.4,3.5,74.2,303
29.9,25.6,1.9,77.86,303
20.1,-2.9,2.1,20.97,304
26.7,4.5,3.4,24.03,304
27.5,5.7,1.4,25.03,304
40.5,13.4,0.8,20.21,304
43.3,10.1,1.6,14.05,304
36.1,23.7,2.6,49.09,304
28.7,25.4,5.9,82.34,304
32.2,25.2,0.4,66.68,304
29.2,27.1,2.3,88.33,304
36.6,19.3,0.5,36.38,304
33.3,18.9,0.5,42.7,304
33.3,4.3,4.3,16.25,304
29.9,2,3.3,16.76,304
33.7,4.9,1,16.52,305
36.7,6.2,3,15.4,305
44.6,11.3,0.6,14.2,305
42,14.6,3.2,20.18,305
31.8,26.1,2.5,71.76,305
32.8,26.4,2.2,69.02,305
31.6,25.6,1.9,70.4,305
34.7,20.5,0.3,43.5,305
28.5,1.9,0.5,17.98,305
24.9,8,1.7,34.14,306
41.7,15.5,4.1,21.8,306
43.7,11.3,0.5,14.9,306
45,11.2,0.5,13.87,306
41.9,12.9,1.2,18.23,306
31.2,25.3,1.3,70.92,306
32.4,0.1,1.1,12.64,306
22.6,-8.2,1.9,12.09,307
33.1,4.7,1.8,16.86,307
45.8,-1.6,2.7,5.42,307
43.9,16.4,4,20.52,307
30.9,25.9,3.8,74.6,307
35.7,20,0.6,40.02,307
37.2,19.1,0.7,34.74,307
24.5,-6.1,1.5,12.6,308
36.8,5.7,4.1,14.77,308
41.6,-4.9,1.7,5.28,308
31.2,25.5,1.1,71.89,308
32.5,4.7,1.1,17.49,309
35.5,1.1,1.2,11.45,309
42.3,6.1,4.1,11.32,309
40.6,15.4,1.2,22.9,309
30.4,25.9,3.5,76.81,309
31,24.9,1.6,70.03,309
35.4,20.2,0.4,41.16,309
31,2.9,1.9,16.73,309
28.9,9.2,1.9,29.26,310
40.3,2.8,6.2,9.98,310
26.5,2.4,1,21.02,310
41.8,9.5,2.4,14.57,311
41.3,-1.2,3,7.08,311
33.5,11.5,2,26.3,311
36.8,13.5,1.8,24.95,311
44.2,11.7,1,14.89,311
41.7,15.9,1.4,22.37,311
35.7,15.6,2.9,30.36,311
29.8,7,2.8,23.84,312
40.3,10.4,3.1,16.84,312
44.2,-2.5,4.9,5.51,312
44.3,12,1.3,15.18,312
37.8,16.1,3.4,27.88,312
29.8,25.3,2,77.01,312
33,25.2,1,63.75,312
35.4,17.6,1,34.89,312
31.5,-0.1,0.6,13.13,312
29.9,1.3,4.4,15.88,312
29.8,4.6,2,20.29,313
40.2,7.8,4.2,14.19,313
43.8,15.7,3.9,19.76,313
30.2,24.9,2.9,73.28,313
35.2,20.5,0.7,42.41,313
29,10.1,2,30.88,314
32.7,9.6,1.7,24.18,314
35.6,5.3,3.9,15.3,314
42.5,-2.4,4.6,6.07,314
44.4,10.9,4.9,14.02,314
31.2,26.2,3.2,74.91,314
29.7,26.6,2.8,83.63,314
42.2,12.6,2.6,17.61,315
38.5,23.3,2.5,41.97,315
35.6,23.9,2.5,50.86,315
37.1,19.2,0.5,35.11,315
41.3,-5.6,3.9,5.1,316
39.7,10.9,2.1,17.97,316
45,11,0.4,13.68,316
42.7,10.2,1.1,14.65,316
43.2,10.2,1.3,14.21,316
30.9,25.5,3.8,72.85,316
35.7,19.2,0.4,38.05,316
37.1,6.2,1.8,15.06,317
33.5,4.8,1.6,16.62,317
40.7,11.4,2.5,17.58,317
45.6,-2.1,2.6,5.31,317
43.3,16.3,2.1,21.12,317
36.6,23,3.1,45.62,317
30,25.3,3.3,75.75,317
30.7,25.8,2.6,74.99,317
33.5,5.1,2.8,16.98,317
34,5.1,2.7,16.49,317
23.5,-5.1,2,14.45,318
45.1,-2.4,2.5,5.31,318
38.3,11.8,2.2,20.53,318
41.1,13.6,4,19.87,318
36.6,19.4,0.6,36.69,318
42,-1.9,3.9,6.49,319
29.6,26.2,1.3,81.83,319
32.9,25.6,1.6,65.53,319
38.9,10.8,1.2,18.61,320
40.9,16.7,4,24.51,320
44.3,9.8,1.7,13.06,320
32.3,25.9,2.5,69.23,320
35.4,20.8,1,42.78,320
34.9,15.8,2.7,32.06,320
32.3,0,0.9,12.63,320
26,4.1,2.3,24.47,320
29.4,1.8,4,16.96,320
34.7,10.1,3.8,22.41,321
46,4.7,1.3,8.48,321
44.9,13.6,2.3,16.28,321
42,-0.4,1.8,7.25,322
42.4,-2.1,4.2,6.24,322
42,1.2,3.2,8.12,322
41.1,7.9,3,13.58,322
42.9,9.8,1.9,14.03,322
44.3,11.1,2.7,14.26,322
31,4.2,3.9,18.43,323
37.3,11,2.2,20.53,323
32.4,25.6,0.5,67.29,323
38,10.2,1.5,18.78,324
32.5,24.9,0.7,64.27,324
36.4,19.9,1.2,38.19,324
33.8,2.4,1.8,13.82,325
33.9,7.2,3.9,19.21,325
34.9,8.9,2.1,20.37,325
37.3,10.5,4.7,19.91,325
44.1,13.2,1.9,16.57,325
30.6,24.8,0.8,71.34,325
31.8,25.6,1.2,69.88,325
42.5,1,3.9,7.8,326
37.3,21.3,1.6,39.78,326
29.9,25.8,1.4,78.87,326
32.8,25,1.8,63.72,326
26,3.2,1.2,22.94,326
38.9,10.5,3.2,18.23,327
44.9,9.4,2.5,12.36,327
32.2,24.4,2.7,63.66,328
36.4,19.9,1.1,38.11,328
32.4,-0.5,3,12.15,328
42.5,1.2,3.5,7.92,329
37.8,19.3,2.3,34.21,329
44.7,13.4,2.1,16.29,329
42.1,17.4,0.9,24.03,329
37.4,23.5,2.5,45.15,329
32.2,25.6,1.8,68.08,329
36.3,16.9,1.2,31.92,329
33.3,2.3,4.7,14.14,329
29.4,2.3,1.5,17.63,329
33.6,5.8,3.2,17.74,330
43.5,-2.2,4.4,5.86,330
46.2,4.8,1.4,8.41,330
44.6,11.3,4.5,14.21,330
41.5,9.8,2.5,15.19,330
43.3,14,2.1,18.23,331
32.3,26.2,1.4,70.35,331
30.6,2.6,1.7,16.74,331
28.8,4.5,2.7,21.23,331
26.6,5.3,3.3,25.66,332
26.4,-3.8,1.3,13.48,332
38.5,14.7,3.1,24.47,332
43.8,16.9,3.6,21.27,332
32.1,25.8,1.8,69.28,332
29.6,2.5,3.2,17.66,332
23.7,-6.5,1.5,12.86,333
33.8,9.3,1.6,22.19,333
34.6,8.2,2.2,19.71,333
38.2,18.8,1.5,32.34,333
30.3,26.6,1.7,80.58,333
42.9,15.7,2.1,20.71,334
43.2,12.7,1.1,16.78,334
36.6,22.3,1.3,43.88,334
30.4,26.7,3.3,80.78,334
29.1,26.2,2.2,84.6,334
29.2,25.6,1.4,81.18,334
34.2,21.5,1.5,47.56,334
40.4,11,1.2,17.38,335
43.9,9.5,2.1,13.1,335
31.9,26.3,2.2,72.23,335
30.6,24.8,0.6,71.25,335
34.5,20.9,1.6,45.28,335
36.7,19.8,0.3,37.28,335
29.8,1.8,0.6,16.56,335
26.6,-0.4,1.6,17.01,336
37.7,17.9,1.7,31.5,336
40.3,16,3.9,24.27,336
31.7,25.1,1,68.12,336
39.3,4.7,3.4,12.03,337
44.6,9.4,2.3,12.56,337
44,11.4,2.3,14.73,337
45.3,12.8,4,15.17,337
36.9,18.9,5.7,35.03,337
37.6,21.7,1.2,40.02,337
33.9,12.4,2.4,27.28,337
25.1,-5.1,0.9,13.16,338
24.8,-6.2,2,12.3,338
36.5,-5.5,3.6,6.68,338
44.4,-2.2,4.7,5.61,338
44.3,11.7,4.3,14.81,338
43.3,11.6,2,15.55,338
31.7,26.4,2.1,73.73,338
32.2,22.8,0.6,57.82,338
34.1,17.9,0.5,38.42,338
32.8,17.2,0.9,39.35,338
31.1,2.2,1.5,15.81,338
28.9,3.2,2.8,19.28,338
34.4,8.8,1.8,20.77,339
37.9,6.4,4.1,14.62,339
41.3,10.6,2.1,16.2,339
43.5,12.2,4,15.97,339
31.4,25.6,2.2,71.52,339
24.7,-5.2,1.3,13.35,340
26.4,8.3,1.5,31.91,340
42.1,-2.7,4.7,6.06,340
41.2,12,3.1,17.78,340
42,16.5,3.4,22.83,340
41.3,18.2,3.4,26.38,340
38.2,20.7,1.5,36.51,340
30.8,25.5,2.6,73.41,340
44.1,-2.1,4.5,5.73,341
42,16,3.8,22.16,341
43,14,5.2,18.47,341
44.8,13.6,2.4,16.4,341
35.5,16.8,0.9,33.08,341
27.6,6.4,0.8,26.02,342
40,8.3,2,14.83,342
40.5,12.7,2.3,19.41,342
43.3,17.3,3,22.51,342
39,18.4,1.3,30.23,342
29.9,25.1,2.3,75.44,342
35,20.3,2.9,42.39,342
28.3,6.5,1.5,25.25,343
46.2,4.8,1.6,8.42,343
38.4,17.2,3.2,29,343
30.5,26,1.5,76.86,343
30.8,25.6,1.4,73.78,343
29.9,25.4,1.8,76.96,343
31.5,24.9,1.9,68.1,343
35.8,8.2,1.9,18.55,344
45.7,4.9,1.8,8.7,344
42.3,17.7,2.7,24.25,344
40.4,18.8,5.1,28.75,344
38.5,21,5,36.51,344
42.8,16.4,2.9,21.76,344
29.6,25.1,1,76.78,344
31,26,0.6,74.6,344
36.1,17,1,32.33,344
34.6,21.2,0.8,45.65,344
34.1,25.3,0.8,60.22,345
30.4,26.3,2.7,78.78,345
29.9,25.2,2.3,75.8,345
30.4,25.7,2.1,75.98,345
30.9,25,3.7,70.85,345
42.1,0.5,4.3,7.67,346
38.6,10.6,3.4,18.6,346
34.8,11.6,1.9,24.52,346
45.3,8.4,1.8,11.3,346
38.5,18.3,5.8,30.89,346
38.4,18,1.4,30.44,346
40.5,20.4,2.4,31.52,346
38.1,20.1,0.8,35.29,346
35.7,24.9,3.1,53.85,346
31.4,25.4,1.5,70.7,346
33,25.4,1.5,64.4,346
33.3,24.8,0.5,61.04,346
31.4,25,1.9,69.06,346
34.3,17.4,1.3,36.72,346
32.5,3.6,2.2,16.23,347
40.9,17.2,3.1,25.25,347
42.1,16.2,1.3,22.34,347
39.1,20.8,2.9,34.96,347
41.1,20.5,2.2,30.69,347
39.3,20.6,1.6,34.12,347
36,25,2.4,53.14,347
29.4,26.5,3.1,84.5,347
33.6,22.7,3.1,52.85,347
33.9,19.2,0.5,41.97,347
41.3,12.2,2.8,17.97,348
45.3,8.6,1.4,11.49,348
39.4,22,2,36.88,348
36.1,24.3,1.8,50.81,348
40.2,21.1,1.2,33.55,348
31.8,26.1,3.3,71.86,348
30.2,26.2,3.5,79.04,348
34.2,21.1,1.6,46.41,348
30.1,2.6,0.2,17.22,348
37,18.9,3,34.74,349
41.7,16.9,3.2,23.74,349
39.7,22.3,1.9,37.11,349
39.4,22.9,3,38.96,349
39.4,22.6,1.4,38.4,349
39.7,19.9,0.5,32.01,349
34.7,24.5,2,55.69,349
31.3,26.2,2.3,74.4,349
30.3,26,2.2,78.04,349
33.9,8.5,3.7,21.04,350
39.9,18.7,1.2,29.39,350
43.3,16.9,2,21.84,350
39.7,11.6,1.6,18.8,350
44.7,12.6,0.9,15.45,350
39.5,18.6,2,29.85,350
41.1,21.3,2.4,32.35,350
38.8,24,2.5,42.96,350
36.7,22.8,1.2,44.98,350
35,23.2,0.4,50.66,350
33.8,24.3,2.3,57.63,350
38.8,21.6,1.1,37.3,350
37.4,23,1,43.84,350
33.8,25,1.6,60.12,350
33.5,24.4,0.9,59.18,350
32,26.4,2.7,72.38,350
33.1,22.6,3.6,54.21,350
36,20.4,0.4,40.28,350
24.7,-6.3,1.7,12.27,351
32.3,6.9,3.5,20.62,351
29.5,7.4,2.1,25.02,351
28.9,24.7,1.7,78.22,351
35.4,18,1.3,35.82,351
36.5,20.1,0.1,38.57,351
34.8,6.1,3.1,16.89,352
41.8,-5.4,1.6,5.04,352
35.7,13.6,1.6,26.61,352
40,13.4,4.7,20.84,352
37.9,16.4,3.1,28.18,352
37.6,15.2,3.4,26.68,352
35.5,18.8,1.1,37.54,352
27.3,4.5,2.1,23.18,353
41.1,12.4,2.6,18.44,353
44.3,12.4,1.5,15.53,353
34.3,25.9,4.1,61.67,353
29.2,25.3,0.4,79.46,353
29.5,25.2,1.7,77.73,353
32.1,-0.2,3.2,12.62,353
29.1,4.8,2.5,21.42,354
27.6,8.4,2,29.88,354
31.3,6.8,3.4,21.67,354
37.5,12.4,2.1,22.35,354
40.9,11.6,1.7,17.59,354
41,16.3,4.1,23.76,354
43.2,9.3,1.8,13.36,354
28.7,25.4,3.5,82.41,354
29.1,24.4,0.6,76.01,354
29.8,25.7,2.1,78.74,354
35.5,17.8,0.7,35.22,354
34.4,17.6,1.2,36.94,354
28.2,6.5,1.2,25.32,355
41,-6.5,1.1,4.85,355
44.2,15.7,3.4,19.32,355
30.7,25.6,1.5,74.39,355
33.2,23,3.2,55.25,355
33.6,22.8,3.4,53.28,355
33.6,4.7,3.1,16.39,355
30.2,4.9,1.8,20.21,356
33.4,7.2,0.4,19.7,356
41.4,16.5,4.1,23.62,356
33.5,25.3,4,62.19,356
32.9,25.4,2.3,64.79,356
31.2,0,3.4,13.51,356
42.4,12.8,3.9,17.66,358
28,25.4,3.9,85.73,358
27.8,4,2.8,21.78,358
28.6,25.9,3,85.47,359
31.3,23.2,1.4,62.28,359
29.9,6.6,2.7,23.07,360
41.6,-5.9,1.3,4.9,360
37.3,9.7,3.5,18.8,360
39.1,10.1,4.5,17.61,360
35.4,10.4,2.8,21.94,360
33.1,25.1,1.1,62.96,360
31.1,25.9,2.1,73.74,360
28.4,4.2,2.8,21.32,360
30.3,4.7,2.3,19.77,361
37.1,11.5,1.4,21.51,361
45,12.2,2,14.77,361
31.6,25.4,0.6,69.89,361
39.3,10.2,1.4,17.46,362
40.3,12.9,0.6,19.83,362
39.1,19.1,2.3,31.48,362
37.3,22.5,0.8,42.58,362
35.3,22.7,1,48.29,362
34.9,24.6,3.1,55.22,362
32.2,22.9,0.8,58.13,362
36.4,-0.4,1.5,9.77,363
35,11.6,3.4,24.31,363
40.8,13.2,1.7,19.73,363
35.8,23.2,0.6,48.39,363
38.9,-1.2,0.7,8.07,364
43,17.3,1.7,22.87,364
45.5,12.3,3.3,14.56,364
36.8,23.4,2.8,46.33,364
38.5,24.1,3,44.04,364
36.7,14.1,3.6,26.1,365
36.6,13.6,2.3,25.31,365
38,19.6,2.4,34.36,365
39.4,16.3,2.9,25.95,365
41.3,9.4,1.6,14.91,366
45.4,12.1,2.6,14.44,366
34.9,24.3,2.1,54.39,366
33.5,23.1,1.1,54.44,366
31,25.3,0.6,71.67,366
31.2,25.3,4.5,70.75,366
30.8,2.1,1.1,15.99,366
27,-2.6,0.4,14.2,367
31.9,6.2,3.7,20.02,367
42.1,-4.9,3.7,5.14,367
41.4,16.4,4.1,23.45,367
44.3,15.7,3,19.26,367
42.5,18,3.9,24.47,367
39.4,17.7,2.9,28.3,367
38.1,21.5,1.7,38.52,367
33.9,25,2.5,59.77,367
39.1,21.7,0.8,36.92,367
36.5,24.2,2.8,49.37,367
32.8,25.4,1.5,65.04,367
41.9,-5.2,3.8,5.08,368
36.7,21.7,1.3,41.89,368
36.9,21.3,2.2,40.55,368
33.1,3.1,4.6,15.08,368
35.4,-1.9,1.1,9.24,369
42.3,17.8,1.4,24.48,369
29.9,1.9,0.6,16.68,369
35.3,0,3.7,10.7,370
35.6,19.4,1.4,38.6,370
36.8,22.7,1.9,44.35,370
39.8,14.3,3,22.26,371
41.7,11.6,1.9,16.94,371
37.7,19.6,1.6,35,371
38.8,-0.5,1.4,8.51,372
39.7,17.3,3.1,27.19,372
43.8,15.3,4.9,19.29,372
34.1,26.1,4,63.03,372
34.3,26,4.1,62.21,372
33.3,20.4,1.5,46.95,372
33.8,19.7,3.2,43.71,373
30.3,2.2,0.3,16.57,373
29.6,6,2.5,22.49,374
30.2,7.8,2.8,24.69,374
43.1,15.9,4.4,20.73,374
35,18.3,1,37.37,374
45,8.9,1.2,11.85,375
26.9,-3,0.6,13.82,376
30.4,4.8,2.2,19.82,376
34.2,18.6,0.8,39.89,376
27.9,0.7,1.9,17.18,377
42.1,12,2.2,16.96,377
35.3,18.8,1.2,37.81,377
27.6,8.7,1.8,30.39,378
30.6,4.6,1.5,19.3,378
40.1,3.9,4.2,10.92,378
32.9,23,3.5,55.98,378
41.3,13.3,4.4,19.24,379
33,25,2,62.79,379
32.2,4.8,3.6,17.93,380
39.4,3.9,2.5,11.27,380
41.4,20.5,7.3,30.27,380
31.2,23.4,3.8,63.28,380
32.3,22.8,3.7,57.48,380
34.1,2.4,1.6,13.6,381
32.9,6.2,2.8,18.91,381
41.1,7.7,3.5,13.46,381
43.6,15.7,4.6,19.97,381
35,18,0.5,36.63,381
35.2,4.9,1.5,15.26,382
40.7,18.5,1.7,27.79,382
35.1,21.2,0.8,44.59,382
33.5,17.4,1,38.4,382
37.5,0.5,1.2,9.85,383
38.1,10.1,4.4,18.51,383
38.5,13.4,1,22.52,383
44.8,13,0.6,15.73,383
39.6,17.8,0.9,28.18,383
34.1,24.8,2.8,58.62,383
31.2,25.1,3.3,69.92,383
35.5,21.1,1,43.34,383
35.3,13.4,2.4,26.92,383
27.6,0.2,1.7,16.83,384
34.3,26,2.8,62.04,384
29.5,25.3,6,78.33,384
32.8,25.3,0.9,64.71,384
35.7,20.3,1.4,40.8,384
32.6,3.8,4.5,16.27,384
41.8,11.1,1.7,16.3,385
31.6,26.3,2.8,73.72,385
43.5,14.7,5.1,18.86,386
39,18.7,2.6,30.76,386
32.1,25.6,2.1,68.69,386
34.8,18.7,1.2,38.69,386
33.5,4.9,3.2,16.78,386
33.1,-5.1,1.9,8.3,387
40.8,11,1.1,17.02,387
40.9,11.5,4.2,17.54,387
31.9,25.8,3.8,70.18,387
35.5,17.9,0.5,35.44,387
34.1,17.6,1.2,37.57,387
37.4,6,3.2,14.61,388
41.4,15.8,0.9,22.48,388
36.5,20.1,1.3,38.44,388
41,1.3,6.6,8.61,389
42.2,-0.9,2.9,6.92,389
38.1,19.5,2.5,34,389
34.2,25.8,3.1,61.82,389
34.1,18.7,0,40.19,389
31.9,25.4,1.5,68.56,390
36.3,20.2,1.3,39.19,390
44.1,13.6,1.2,17,391
33.7,25.6,3.3,62.67,391
29.4,26.9,2.3,86.55,391
35.8,4.2,1.6,14.04,392
39.3,18.7,1.5,30.39,392
30.9,25.4,1.8,72.74,392
31.6,25,1.4,68.27,392
35,18.5,0.5,37.74,392
31.6,6.8,1.9,21.22,393
44.2,9,1.2,12.48,393
30.7,26.3,3.8,77.24,393
31.1,-1.7,4,11.94,394
41.7,-4.8,3.3,5.32,394
44.6,13.3,0.6,16.21,394
32.1,26.5,2.9,72.56,394
31.6,24.7,2.7,66.96,394
31.7,25.6,1.5,70.15,394
42.7,9.8,2.3,14.23,395
41,11.1,3.1,16.98,395
40.5,16.6,2.4,24.86,395
31.2,24.9,1.9,69.24,395
31.3,25.7,2.6,72.27,396
33,5.1,3.2,17.52,396
36.4,10.4,3.7,20.68,397
34.8,18.5,0.4,38.19,397
37.3,22.7,2.7,43.14,398
33.4,25.1,1.1,61.84,398
33.9,2.4,1.6,13.73,399
40.1,10.9,1.2,17.57,399
42.4,13.2,4.4,18.05,399
34,25.7,4.2,62.13,399
33.3,7.7,3.8,20.5,400
40.8,-0.5,1.3,7.64,400
32.7,20.9,3.8,50.03,400
40.9,-4.7,2.9,5.59,401
39.5,19.2,2.3,30.96,401
36.5,20.2,1.4,38.83,401
34.3,8.4,4,20.37,402
29.5,9.7,1.3,29.24,402
30,8,2,25.37,402
29.7,8.1,0.8,25.95,402
35.1,8.2,3.2,19.24,402
32.3,25.2,2.1,66.19,402
34.2,6.5,3.5,18.03,403
28.7,8.4,1.4,28.06,403
45.3,10,2.5,12.57,403
35,5.9,3.2,16.51,404
41.6,8.8,3.2,14.08,404
33.3,25.2,0.8,62.44,404
33.4,25.7,1.2,64.21,404
32.7,3.6,2.3,16.04,405
42,9.3,1.2,14.25,405
42.1,16.5,1.3,22.77,405
31.6,25,0.7,67.95,405
32.5,26,2.6,68.77,405
31.8,4.1,2.4,17.46,406
35.4,5.5,3,15.68,406
37.8,11,2.3,20.06,406
32.6,24.3,2.7,61.57,406
31.9,23,1,59.44,406
35.8,19.4,1.1,38.39,406
40.7,13.2,1.1,19.77,407
43.1,17.1,2.9,22.37,407
29.2,25.7,3.9,81.66,407
32.8,5.5,3.2,18.2,408
32.7,25.6,1.1,66.21,408
42.1,7.8,4.3,12.83,409
40.9,18.1,2.6,26.81,409
31.9,25.6,1.1,69.47,409
35.4,-1.1,3.3,9.84,410
40.8,4.4,4.1,10.89,410
31.2,-1,4.2,12.55,411
32.9,7.5,2.6,20.66,411
35.2,7.5,1.1,18.2,411
36.6,-1.6,0.4,8.86,411
37.9,22.2,1.3,40.6,412
32.3,25.5,2,67.32,412
29.9,25.6,1.5,77.7,412
34.6,7.3,0.6,18.59,413
43.2,13,4.4,17.09,413
29.6,26.3,2.2,82.28,413
42.2,13.1,4.2,18.16,414
32.4,26.1,1.6,69.55,414
31.3,25,0.1,69.29,414
35.5,21.2,0.9,43.62,414
35.6,-1.2,1.2,9.66,415
42.9,13,4.3,17.4,415
32.4,25.8,1.9,68.06,415
32.3,25.4,1.5,66.87,415
39.1,21,2.6,35.41,416
38.6,21.7,1.4,37.97,416
30.7,26.5,2.2,78.51,416
36.7,20,1.1,37.75,416
32.2,5.7,3.4,19.08,417
41.7,8.6,1.6,13.84,417
40,20.8,1.7,33.19,417
42.6,17.8,0.9,24.1,417
36.7,20.1,1.2,38,417
28.7,3.8,2.5,20.37,418
38.7,10.2,2.1,18.08,418
32,26.2,2.5,71.7,418
32.2,25.7,2,68.49,418
34.1,8.1,4,20.23,419
30.1,8.8,1.7,26.52,419
39.3,9.2,2.2,16.36,419
37.1,11.8,1.6,21.97,419
41.7,16.1,0.8,22.66,419
31.8,25.8,2.4,70.43,419
31.7,6.7,2.6,20.96,420
37.3,11.7,1.5,21.59,420
32,26.5,2.6,72.79,420
35,6.1,3.3,16.78,421
29.4,8.3,0.9,26.78,421
38.4,21.6,4.5,38.13,421
41.9,16.6,1.5,23.17,421
43.1,16.7,2.9,21.87,421
34,20.7,1.4,45.8,421
36.6,-0.5,1.5,9.59,422
39.9,18.1,5.6,28.19,422
41.6,16.6,0.7,23.53,422
41.4,16.7,1.9,23.81,422
42.5,17.7,0.8,24,422
32.5,25.3,2,65.79,422
34.8,20.3,3,42.79,422
35.6,0,3.7,10.55,423
42.2,16,2.6,21.95,423
40.8,18.7,5.3,27.88,423
38.2,21.6,2.5,38.36,423
30.2,24.9,2.8,73.35,423
31.7,25.8,2.6,70.87,423
32.5,24.8,3.5,63.94,423
30.7,25.6,1.4,74.52,423
35.6,11.7,1.8,23.59,424
39.8,13.3,0.7,20.9,424
31,26.2,2.7,75.6,424
30.9,25.7,1.3,73.71,424
31,25.4,1.6,72.22,424
30.8,26.6,2.2,78.41,424
31.6,25.3,2.2,69.23,424
34.9,19.3,0.6,39.91,424
38.5,20.2,0.8,34.79,425
41.2,20.7,2.1,30.95,425
36.1,24.9,3.3,52.55,425
33.5,25.3,1.5,62.46,425
34.4,25.3,1,59.35,425
30.1,25.1,2.4,74.79,425
29.9,24.9,1.1,74.76,425
31.6,25.9,0.8,71.65,425
32.1,25.3,1.8,67.46,425
34.5,21.6,1.6,47.19,425
38.2,19.1,2.8,33.04,426
41,20.5,2.6,30.97,426
39.6,21.1,2.8,34.6,426
39.2,20.6,1.7,34.35,426
36.2,24.8,2.7,52.06,426
31.4,25.1,1.2,69.35,426
33.4,24.9,0.6,61.08,426
34.4,21.8,1.7,47.94,426
38,-3.5,2.3,7.15,427
38.7,-6.2,3.9,5.62,427
41.4,13.3,1.8,19.23,427
40.1,21.3,2,34.05,427
40,21.9,1.9,35.65,427
36.2,24.7,2.1,51.83,427
40,20.1,0.5,31.8,427
40.5,21.3,1.2,33.37,427
30.1,26.5,3.2,81.12,427
38.2,3.2,2.2,11.46,428
38.3,17.6,3,29.81,428
39.1,15.7,3.8,25.33,428
37.9,21.3,2.1,38.3,428
40,22.9,3,37.8,428
39.8,22.9,1.7,38.3,428
32.1,26.1,3.2,70.8,428
30.5,26.5,2.8,79.08,428
35.4,19.4,0.7,39.23,428
36.4,-1.6,0.2,8.94,429
40,22.5,2.1,36.98,429
41,21.1,2.8,32.19,429
39.5,24,2.7,41.38,429
37,23.1,0.9,45.1,429
35.7,23.1,0.6,48.31,429
35.1,24.4,1.9,54.02,429
31.8,26.1,2.7,71.92,429
30.7,26,2.3,76.22,429
32.4,26.5,3.1,71.2,429
36.8,4.7,1.5,13.72,430
34.1,24.4,2.2,57.04,430
37.6,23.2,0.7,43.89,430
33.7,24.5,0.7,58.89,430
29.9,25.3,0.1,76.57,431
30.1,25.2,1.7,74.92,431
30.3,26.4,1.1,79.73,431
30.7,25,3.3,71.53,431
32,25,0.7,66.45,431
34.4,20.8,1.4,45.21,431
35.2,7.4,0.9,18.11,432
40.3,3.5,4.7,10.5,432
36.8,10.5,3.2,20.4,432
36.5,11.8,1.6,22.65,432
38.8,11.9,2.7,20.05,432
43.5,19.2,6.5,25.06,432
42.7,19.9,7.2,27.33,432
35.3,24.2,4.2,52.75,432
34.8,24.8,4,56.08,432
31.5,25.7,1.1,71.25,432
29.3,25.2,3.5,78.85,432
30.7,25.8,1.7,75.28,432
31.7,25,3.1,67.87,432
33.6,25.3,1.6,61.82,433
29.6,24.5,0.8,73.99,433
31,25.5,2.2,72.47,433
35.2,20.6,2.9,42.54,433
42.3,18,1.2,24.74,434
30.4,25.5,1.5,75.17,434
30.3,25.3,5.7,74.8,434
33.8,22.8,3.2,52.79,434
32.4,5.8,2.9,18.93,435
36.2,11.4,2.9,22.45,435
33.3,25.3,1.1,63.16,435
41.2,7.6,3.4,13.22,436
43.2,18.2,4.6,23.82,436
40.5,17.5,0.7,26.31,436
41.6,18.2,1.4,26.05,436
31.6,25.9,2.2,71.97,436
29.3,26,3,82.66,436
38.4,14,3.1,23.57,437
38.2,13.6,1.8,23.26,437
38.4,21.9,0.4,38.87,437
34,24.9,0.9,59.22,437
32.5,25.6,2.4,66.95,437
38.4,10.3,4.1,18.47,438
41.2,18.3,1.2,26.69,438
38.2,23.2,2.8,42.5,438
36.3,22.6,1.3,45.43,438
32.1,25.1,0.7,66.47,438
32.5,25.8,3.7,67.92,438
40.8,17.5,3.1,26.01,439
39.3,23.7,2.9,41.16,439
36.4,23.4,0.6,47.25,439
35.4,24.8,3.1,54.31,439
38.5,21.3,2.1,37.05,440
34.2,24.8,2.9,58.1,440
36.5,19.5,1.2,37.04,441
43.6,18.6,5.6,23.93,441
38.9,20.9,1.3,35.43,441
39.2,21.6,1.7,36.52,441
34.7,25.1,2.6,57.52,441
40.2,21.7,1.4,34.69,441
37.7,24.2,2.6,46.33,441
35.8,24.2,1.9,51.23,441
34.2,23.3,1,53.11,441
32.3,25.2,0.5,66.28,441
31.8,26.4,2.8,73.12,441
34.4,25.9,2.9,61.37,441
35.4,0.4,3.4,10.95,442
40.1,6.8,2.9,13.3,442
41.9,11,1.7,16.07,442
37.7,21.4,0.9,39.03,442
38,8.6,2.4,16.81,443
38.5,19.6,1.2,33.55,443
33.5,26.4,1.8,66.31,443
32.5,23.6,3.6,59.54,443
37.6,10.3,3.7,19.33,444
38,22.4,1.8,40.77,444
30.6,24.9,3.1,71.5,444
37.8,3.9,1.8,12.35,445
38,5.7,3.3,13.81,445
32.3,26.2,2.9,70.13,445
32.5,24.8,2.5,63.82,445
31.1,26.6,1.9,76.92,446
33.8,21.4,3.4,48.29,446
41.3,11.3,4,16.89,447
33.5,24.6,3.2,59.75,447
40.5,21.1,2.1,32.89,448
33,25.7,1.7,65.41,448
41.1,10.9,1.3,16.63,449
41.7,13.4,1.7,18.95,449
33.7,25.3,1.2,61.6,449
31.8,25.6,1.7,69.69,449
29.5,26.8,2.2,85.46,450
36.7,8.6,2.8,18.04,451
42.2,9.1,1.1,13.9,451
40.1,10.3,1.5,16.92,451
32.6,25.4,2.5,65.84,451
32,24.9,1.4,66.23,451
43.2,9.8,1.9,13.85,452
41,11.4,2.8,17.31,452
32,25.7,1.8,69.29,452
39.2,3.8,2.2,11.34,453
37.7,-2.6,1.9,7.74,453
37.2,5.3,3.1,14.05,454
32.4,26.1,3.1,69.55,454
37.7,8.6,2.5,17.15,455
33.6,25.2,1.1,61.45,455
41.2,4.2,4.6,10.49,456
33.1,24.1,2.6,59.26,456
32.4,25,0.6,65.14,456
40.7,7.2,3.3,13.26,457
41.5,13.3,1.5,19.11,457
41.2,11.3,3.9,17.01,457
40.2,22.9,2.9,37.34,458
30.5,26,3.8,77.09,458
33.1,25.5,1.6,64.6,458
38.2,10.3,3.9,18.64,459
42.6,-0.6,2.6,6.92,459
30.5,25.2,1.1,73.57,459
31.1,25.3,5.1,71.15,459
45.3,9.9,2.1,12.53,460
31.8,26.3,4.2,72.8,460
33,24.8,2.2,62.37,460
32.5,25.2,2.4,65.57,460
40.9,13.3,1.1,19.69,461
41.1,21.6,2,32.87,461
33.4,25.9,1.2,64.96,461
29.8,26.4,2.2,82.19,461
30.6,25.7,1.6,74.98,461
31.9,26.5,2.9,73,462
42.7,9.1,1.5,13.55,463
37.9,11.2,2.3,20.13,463
40.1,21,2.6,33.43,463
32.4,25.6,1.8,67.29,463
41.9,10.9,1.5,15.95,464
39.9,11,2.3,17.89,464
40.8,13.4,1.5,19.96,464
42.9,13,4.6,17.4,464
39.4,19.1,1.5,30.92,464
40.8,10.8,1.1,16.84,465
40.5,20.9,1.8,32.53,465
31,24.8,3.3,69.65,465
33.1,24.9,2.1,62.33,465
31.9,25.7,0.9,69.8,465
32.9,25.7,1.7,65.94,465
31.2,26.5,1.4,76.15,467
32.7,25.7,1.9,66.65,467
37.8,5.4,3.2,13.68,468
40.9,4.1,5,10.61,468
40.3,5.3,4.5,11.86,468
40.8,18,5.5,26.74,468
32.4,25.4,2.1,66.6,468
43.3,15.9,2.5,20.53,469
32.6,25.8,1.8,67.62,469
32.6,25.9,2,67.99,469
40.6,10.6,1.3,16.73,470
39.2,19.3,2.6,31.6,471
33.8,24,2.4,56.73,471
30.9,26.6,2.6,77.73,471
32.6,25.8,1.8,67.49,471
33,25.5,2.1,65.01,472
31.9,26.3,2.7,72.4,473
31.3,25.8,1,72.58,473
31.3,25.7,1.6,72.24,473
38.1,18.9,2.8,32.75,474
31.4,26.2,3.5,73.81,474
32.2,25.2,2.2,66.66,474
29.7,26.6,2.2,83.61,474
37.9,10.5,3.4,19.29,475
39.9,19.3,2.3,30.47,475
39.3,23.1,2.4,39.62,475
32.3,26.5,3,71.4,475
32.5,25.5,1.9,66.79,475
43.3,9.5,1.7,13.5,476
40,-6.6,4.2,5.07,476
40.6,20.9,2.6,32.31,476
36.4,24.7,3.5,51.2,476
32.3,25.7,1.8,68.19,476
40.7,9,0.7,14.97,477
41.2,18.4,5.5,26.83,477
38.4,21.9,3,38.74,477
31.1,25,0.8,69.87,477
31.6,26,2.6,72.45,477
31,25.6,1,72.86,477
31.2,25.4,1.7,71.4,477
31.6,25.7,2.7,71.05,477
30.6,26.6,3.2,79.07,477
31.8,25.6,1.7,69.72,477
41.1,20.9,2.1,31.55,478
39,20.6,1.6,34.69,478
35.9,24.8,3,52.95,478
33.8,25.3,1.3,61.41,478
33.3,25,0.6,61.81,478
34.5,25.4,1,59.3,478
30.2,25.1,2.7,74.34,478
31.8,25.9,0.9,71.05,478
31.1,26.4,2.8,76.08,478
37.1,11.4,2.6,21.28,479
40.8,11.4,3.6,17.53,479
38.8,20.4,0.6,34.62,479
40.3,21.9,1.9,35.08,479
40,20.4,0.3,32.42,479
31.8,26.2,3.3,72.23,479
30.1,24.8,1.1,73.48,479
32.6,26.5,3.3,70.47,479
39.6,13.8,2.5,21.86,480
40,11.6,3.2,18.5,480
41,20.7,2.6,31.34,480
40.8,21.1,1.9,32.52,480
39.8,21.3,2.6,34.73,480
36.2,24.9,2.4,52.5,480
35.8,24.5,3.9,52.15,480
30.9,25.7,2.1,73.83,480
44,15.8,2.7,19.65,481
41.2,18.1,5.5,26.44,481
38.3,22.1,3.5,39.55,481
39.7,24,2.7,41.11,481
40.3,23.1,2.1,37.69,481
37.6,22.5,2.2,41.94,481
32.2,26,2.8,69.93,481
30.7,26,2.5,76.25,481
35.6,24.8,3.7,53.83,481
33.9,25.3,1,60.76,481
33.9,25.3,0.9,60.95,481
31.9,25.8,1.4,70.1,481
30.5,25.4,0.3,74.29,481
30.6,25.2,1.6,72.99,481
30.9,26.4,1.1,77.15,481
31.1,24.9,3.3,69.46,481
39.8,19.4,2.4,30.74,482
41.4,21.2,3,31.59,482
37.1,23.5,1,45.74,482
36.3,23.2,0.7,47.12,482
34,24.6,2,57.95,482
39.3,21.7,1.4,36.44,482
37.4,23.4,0.6,44.69,482
35.2,24.5,1.6,54.17,482
29.8,25.2,3.3,76.42,482
30.1,24.6,1,72.62,482
31.3,25.9,1.4,72.91,482
37.9,19.1,1.3,33.6,483
39,19.6,1.2,32.56,483
39.3,19.4,1.3,31.69,483
41.8,17.5,3.1,24.63,483
34.8,23.9,2.3,53.3,483
34.6,24.9,2.4,57.36,483
33.6,24.7,0.6,59.75,483
33.1,26,1.6,66.31,483
30.7,25.3,5.5,72.94,483
39.3,22.9,2.8,39.17,484
39.2,21.3,0.3,35.85,484
44.8,9.8,1.8,12.78,485
39.6,21.2,2.1,34.8,485
39.3,20.8,1.3,34.59,485
32.1,26,2.4,70.34,485
29.9,26.1,2.8,80.12,485
37.3,19.4,1.2,35.32,486
39.9,23.4,2.6,39.17,486
36.9,23.5,0.4,46.23,486
37.1,22.5,1.6,43.19,486
34.6,24.7,1.1,56.61,486
42.6,-0.4,2.3,7.01,487
41.7,9,0.5,14.18,487
38.3,22.1,4,39.44,487
38.3,21,0.7,36.94,487
39.9,21.8,1.7,35.44,487
35.3,25.1,2.6,55.81,487
35.5,24.9,3,54.37,487
32.7,24.9,0.7,63.71,487
34,24.7,3,58.41,487
31.7,25.8,0.7,71.01,487
33.2,25.7,2.1,64.9,487
37.7,11.3,2.4,20.5,488
38.9,22,1.9,37.98,488
38.7,24.2,2.5,43.8,488
36.5,24,1.6,48.84,488
35.2,23.5,0.9,50.86,488
33.3,25,1,61.92,488
40.4,13.6,2,20.68,489
32.4,25.3,2.1,66.26,489
32.7,25.7,1.9,66.71,490
30.8,26.6,2.9,78.4,492
32.3,25.7,1.7,68.35,492
41.2,17.1,0.7,24.77,494
31.5,26.3,2.8,74.15,494
42.6,17.4,3,23.41,495
36.2,24.7,3.7,51.74,495
32.5,26.5,3.2,70.78,495
39.8,21.6,1.3,35.31,496
30.8,25.1,0.6,71.55,496
31.9,25.9,2,70.76,496
35.8,24.8,3.4,53.18,497
34,25.3,0.9,60.4,497
33,25.1,0.6,63.19,497
34.4,25.4,0.9,59.66,497
30.9,25.5,0.7,72.88,497
30.9,25.3,1.6,72.16,497
31.7,25.7,2.7,70.46,497
39.2,20.7,1.4,34.48,498
39.8,20.8,0.3,33.58,498
30.1,25.1,3,74.76,498
31.6,25.8,1.1,71.63,498
40,22.8,2.8,37.49,499
30.2,24.7,1.1,72.59,499
38.7,20.7,0.6,35.44,500
40.2,21.9,1.8,35.15,500
40.9,21,1.8,32.08,501
39.6,21.6,2.2,35.71,501
35.9,25,2.6,53.57,501
40.2,23.3,2.3,38.19,501
37.2,23.4,0.4,45.39,501
37.6,22.5,1.8,41.88,501
34.9,24.6,1.4,55.3,501
32.3,26,2.6,69.52,501
30.5,26.1,2.7,77.43,501
39.4,24.1,2.6,42.01,502
33.9,24.8,1.6,58.98,502
41.7,21.4,2.6,31.6,503
36.9,23.8,1.3,47.1,503
35.8,23.4,0.7,49.01,503
35.1,24.9,2.8,55.61,503
33.3,24.8,0.6,61.24,503
40.2,21.4,1.3,34.11,567